#pragma once
unsigned char MainFont[] =
{
	0x00, 0x01, 0x00, 0x00, 0x00, 0x0B, 0x00, 0x80, 0x00, 0x03, 0x00, 0x30,
	0x47, 0x50, 0x4F, 0x53, 0x52, 0xC9, 0x6B, 0x7C, 0x00, 0x00, 0x4E, 0xAC,
	0x00, 0x00, 0x08, 0x12, 0x4F, 0x53, 0x2F, 0x32, 0x33, 0x31, 0x37, 0x8C,
	0x00, 0x00, 0x01, 0x38, 0x00, 0x00, 0x00, 0x60, 0x63, 0x6D, 0x61, 0x70,
	0xC1, 0xEA, 0x70, 0x52, 0x00, 0x00, 0x05, 0x14, 0x00, 0x00, 0x03, 0x6C,
	0x67, 0x6C, 0x79, 0x66, 0x37, 0xD5, 0xBE, 0xD4, 0x00, 0x00, 0x0A, 0x44,
	0x00, 0x00, 0x42, 0x44, 0x68, 0x65, 0x61, 0x64, 0xE2, 0x6D, 0x16, 0xFD,
	0x00, 0x00, 0x00, 0xBC, 0x00, 0x00, 0x00, 0x36, 0x68, 0x68, 0x65, 0x61,
	0x07, 0x1E, 0x02, 0x54, 0x00, 0x00, 0x00, 0xF4, 0x00, 0x00, 0x00, 0x24,
	0x68, 0x6D, 0x74, 0x78, 0xA5, 0x86, 0x00, 0x00, 0x00, 0x00, 0x01, 0x98,
	0x00, 0x00, 0x03, 0x7C, 0x6C, 0x6F, 0x63, 0x61, 0xEE, 0x8E, 0xDE, 0x54,
	0x00, 0x00, 0x08, 0x80, 0x00, 0x00, 0x01, 0xC2, 0x6D, 0x61, 0x78, 0x70,
	0x00, 0xE6, 0x00, 0x49, 0x00, 0x00, 0x01, 0x18, 0x00, 0x00, 0x00, 0x20,
	0x6E, 0x61, 0x6D, 0x65, 0xA7, 0x78, 0x64, 0xA2, 0x00, 0x00, 0x4C, 0x88,
	0x00, 0x00, 0x02, 0x01, 0x70, 0x6F, 0x73, 0x74, 0xFF, 0x8B, 0x00, 0x14,
	0x00, 0x00, 0x4E, 0x8C, 0x00, 0x00, 0x00, 0x20, 0x00, 0x01, 0x00, 0x00,
	0x00, 0x01, 0x00, 0x00, 0x13, 0xBD, 0xA2, 0xF9, 0x5F, 0x0F, 0x3C, 0xF5,
	0x00, 0x03, 0x03, 0xE8, 0x00, 0x00, 0x00, 0x00, 0xBF, 0xD2, 0x60, 0x85,
	0x00, 0x00, 0x00, 0x00, 0xBF, 0xD5, 0x73, 0x22, 0x00, 0x00, 0xFF, 0x06,
	0x03, 0xAE, 0x03, 0x6D, 0x00, 0x00, 0x00, 0x06, 0x00, 0x02, 0x00, 0x00,
	0x00, 0x00, 0x00, 0x00, 0x00, 0x01, 0x00, 0x00, 0x03, 0x6D, 0xFF, 0x06,
	0x00, 0x00, 0x03, 0xA3, 0x00, 0x00, 0xFE, 0xCC, 0x03, 0xAE, 0x00, 0x01,
	0x00, 0x00, 0x00, 0x00, 0x00, 0x00, 0x00, 0x00, 0x00, 0x00, 0x00, 0x00,
	0x00, 0x00, 0x00, 0xDE, 0x00, 0x01, 0x00, 0x00, 0x00, 0xE0, 0x00, 0x49,
	0x00, 0x05, 0x00, 0x00, 0x00, 0x00, 0x00, 0x00, 0x00, 0x00, 0x00, 0x00,
	0x00, 0x00, 0x00, 0x00, 0x00, 0x00, 0x00, 0x00, 0x00, 0x00, 0x00, 0x00,
	0x00, 0x02, 0x01, 0xA6, 0x01, 0xF4, 0x00, 0x05, 0x00, 0x00, 0x02, 0x8A,
	0x02, 0x8A, 0x00, 0x00, 0x00, 0x96, 0x02, 0x8A, 0x02, 0x8A, 0x00, 0x00,
	0x01, 0xF4, 0x00, 0x32, 0x00, 0xE1, 0x00, 0x00, 0x00, 0x00, 0x00, 0x00,
	0x00, 0x00, 0x00, 0x00, 0x00, 0x00, 0x80, 0x00, 0x00, 0xAF, 0x50, 0x00,
	0x20, 0x48, 0x00, 0x00, 0x00, 0x00, 0x00, 0x00, 0x00, 0x00, 0x00, 0x00,
	0x00, 0x00, 0x00, 0x00, 0x00, 0x20, 0xFB, 0x02, 0x02, 0x9A, 0xFF, 0x48,
	0x00, 0x43, 0x03, 0x6D, 0x00, 0xFA, 0x20, 0x00, 0x01, 0x11, 0x41, 0x00,
	0x00, 0x00, 0x01, 0xE2, 0x02, 0x9A, 0x00, 0x00, 0x00, 0x20, 0x00, 0x02,
	0x00, 0x00, 0x00, 0x00, 0x00, 0xE9, 0x00, 0x00, 0x01, 0x19, 0x00, 0x00,
	0x01, 0x89, 0x00, 0x00, 0x02, 0x36, 0x00, 0x00, 0x02, 0x02, 0x00, 0x00,
	0x03, 0x38, 0x00, 0x00, 0x02, 0x8A, 0x00, 0x00, 0x00, 0xE8, 0x00, 0x00,
	0x01, 0x36, 0x00, 0x00, 0x01, 0x36, 0x00, 0x00, 0x01, 0x66, 0x00, 0x00,
	0x01, 0xF4, 0x00, 0x00, 0x01, 0x05, 0x00, 0x00, 0x01, 0x36, 0x00, 0x00,
	0x01, 0x05, 0x00, 0x00, 0x01, 0x05, 0x00, 0x00, 0x02, 0x02, 0x00, 0x00,
	0x02, 0x02, 0x00, 0x00, 0x02, 0x02, 0x00, 0x00, 0x02, 0x02, 0x00, 0x00,
	0x02, 0x02, 0x00, 0x00, 0x02, 0x02, 0x00, 0x00, 0x02, 0x02, 0x00, 0x00,
	0x02, 0x02, 0x00, 0x00, 0x02, 0x02, 0x00, 0x00, 0x02, 0x02, 0x00, 0x00,
	0x01, 0x19, 0x00, 0x00, 0x01, 0x19, 0x00, 0x00, 0x01, 0xF4, 0x00, 0x00,
	0x01, 0xF4, 0x00, 0x00, 0x01, 0xF4, 0x00, 0x00, 0x02, 0x1F, 0x00, 0x00,
	0x02, 0xBA, 0x00, 0x00, 0x02, 0x8A, 0x00, 0x00, 0x02, 0x8A, 0x00, 0x00,
	0x02, 0x9D, 0x00, 0x00, 0x02, 0x9D, 0x00, 0x00, 0x02, 0x6C, 0x00, 0x00,
	0x02, 0x3C, 0x00, 0x00, 0x02, 0xD7, 0x00, 0x00, 0x02, 0x9D, 0x00, 0x00,
	0x01, 0x05, 0x00, 0x00, 0x01, 0xEE, 0x00, 0x00, 0x02, 0x80, 0x00, 0x00,
	0x02, 0x1F, 0x00, 0x00, 0x03, 0x25, 0x00, 0x00, 0x02, 0x9D, 0x00, 0x00,
	0x02, 0xD7, 0x00, 0x00, 0x02, 0x6C, 0x00, 0x00, 0x02, 0xD7, 0x00, 0x00,
	0x02, 0x9D, 0x00, 0x00, 0x02, 0x6C, 0x00, 0x00, 0x02, 0x3C, 0x00, 0x00,
	0x02, 0x9D, 0x00, 0x00, 0x02, 0x6C, 0x00, 0x00, 0x03, 0x72, 0x00, 0x00,
	0x02, 0x6C, 0x00, 0x00, 0x02, 0x6C, 0x00, 0x00, 0x02, 0x3C, 0x00, 0x00,
	0x01, 0x19, 0x00, 0x00, 0x01, 0x05, 0x00, 0x00, 0x01, 0x19, 0x00, 0x00,
	0x01, 0xF4, 0x00, 0x00, 0x01, 0xF4, 0x00, 0x00, 0x00, 0xE8, 0x00, 0x00,
	0x02, 0x02, 0x00, 0x00, 0x02, 0x1F, 0x00, 0x00, 0x01, 0xEE, 0x00, 0x00,
	0x02, 0x1F, 0x00, 0x00, 0x02, 0x02, 0x00, 0x00, 0x01, 0x19, 0x00, 0x00,
	0x02, 0x1F, 0x00, 0x00, 0x02, 0x1F, 0x00, 0x00, 0x00, 0xE8, 0x00, 0x00,
	0x00, 0xE8, 0x00, 0x00, 0x01, 0xEE, 0x00, 0x00, 0x00, 0xE8, 0x00, 0x00,
	0x03, 0x1B, 0x00, 0x00, 0x02, 0x1F, 0x00, 0x00, 0x02, 0x1F, 0x00, 0x00,
	0x02, 0x1F, 0x00, 0x00, 0x02, 0x1F, 0x00, 0x00, 0x01, 0x49, 0x00, 0x00,
	0x01, 0xEE, 0x00, 0x00, 0x01, 0x19, 0x00, 0x00, 0x02, 0x1F, 0x00, 0x00,
	0x01, 0xEE, 0x00, 0x00, 0x02, 0xBA, 0x00, 0x00, 0x01, 0xEE, 0x00, 0x00,
	0x01, 0xEE, 0x00, 0x00, 0x01, 0xD1, 0x00, 0x00, 0x01, 0x22, 0x00, 0x00,
	0x01, 0xF4, 0x00, 0x00, 0x01, 0x22, 0x00, 0x00, 0x01, 0xF3, 0x00, 0x00,
	0x01, 0x36, 0x00, 0x00, 0x02, 0x02, 0x00, 0x00, 0x02, 0x02, 0x00, 0x00,
	0x00, 0xB2, 0x00, 0x00, 0x02, 0x08, 0x00, 0x00, 0x02, 0x08, 0x00, 0x00,
	0x02, 0x02, 0x00, 0x00, 0x02, 0x9A, 0x00, 0x00, 0x00, 0xC4, 0x00, 0x00,
	0x01, 0x84, 0x00, 0x00, 0x02, 0x02, 0x00, 0x00, 0x01, 0x53, 0x00, 0x00,
	0x01, 0x53, 0x00, 0x00, 0x02, 0x02, 0x00, 0x00, 0x02, 0x02, 0x00, 0x00,
	0x01, 0xF4, 0x00, 0x00, 0x02, 0x02, 0x00, 0x00, 0x02, 0x02, 0x00, 0x00,
	0x01, 0x05, 0x00, 0x00, 0x02, 0x35, 0x00, 0x00, 0x01, 0x54, 0x00, 0x00,
	0x01, 0x84, 0x00, 0x00, 0x01, 0x84, 0x00, 0x00, 0x02, 0x02, 0x00, 0x00,
	0x03, 0xA3, 0x00, 0x00, 0x00, 0x00, 0x00, 0x00, 0x02, 0x3C, 0x00, 0x00,
	0x00, 0x00, 0x00, 0x00, 0x00, 0x00, 0x00, 0x00, 0x00, 0x00, 0x00, 0x00,
	0x00, 0x00, 0x00, 0x00, 0x00, 0x00, 0x00, 0x00, 0x00, 0x00, 0x00, 0x00,
	0x00, 0x00, 0x00, 0x00, 0x00, 0x00, 0x00, 0x00, 0x00, 0x00, 0x00, 0x00,
	0x00, 0x00, 0x00, 0x00, 0x00, 0x00, 0x00, 0x00, 0x00, 0x00, 0x00, 0x00,
	0x00, 0x00, 0x00, 0x00, 0x03, 0xA3, 0x00, 0x00, 0x03, 0xA3, 0x00, 0x00,
	0x01, 0x8E, 0x00, 0x00, 0x02, 0xD7, 0x00, 0x00, 0x03, 0xA3, 0x00, 0x00,
	0x01, 0x9A, 0x00, 0x00, 0x03, 0x38, 0x00, 0x00, 0x01, 0x05, 0x00, 0x00,
	0x02, 0x3C, 0x00, 0x00, 0x03, 0x72, 0x00, 0x00, 0x02, 0x3C, 0x00, 0x00,
	0x02, 0x8A, 0x00, 0x00, 0x02, 0x8A, 0x00, 0x00, 0x02, 0x9D, 0x00, 0x00,
	0x02, 0x6C, 0x00, 0x00, 0x02, 0x9D, 0x00, 0x00, 0x02, 0xD7, 0x00, 0x00,
	0x02, 0x9D, 0x00, 0x00, 0x02, 0x02, 0x00, 0x00, 0x02, 0x02, 0x00, 0x00,
	0x02, 0x02, 0x00, 0x00, 0x02, 0x02, 0x00, 0x00, 0x02, 0x02, 0x00, 0x00,
	0x02, 0x02, 0x00, 0x00, 0x01, 0xEE, 0x00, 0x00, 0x02, 0x02, 0x00, 0x00,
	0x02, 0x02, 0x00, 0x00, 0x02, 0x02, 0x00, 0x00, 0x02, 0x02, 0x00, 0x00,
	0x01, 0x05, 0x00, 0x00, 0x01, 0x05, 0x00, 0x00, 0x01, 0x05, 0x00, 0x00,
	0x01, 0x05, 0x00, 0x00, 0x02, 0x1F, 0x00, 0x00, 0x02, 0x1F, 0x00, 0x00,
	0x02, 0x1F, 0x00, 0x00, 0x02, 0x1F, 0x00, 0x00, 0x02, 0x1F, 0x00, 0x00,
	0x02, 0x1F, 0x00, 0x00, 0x02, 0x1F, 0x00, 0x00, 0x02, 0x1F, 0x00, 0x00,
	0x02, 0x1F, 0x00, 0x00, 0x02, 0x1F, 0x00, 0x00, 0x01, 0xF4, 0x00, 0x00,
	0x01, 0xF4, 0x00, 0x00, 0x03, 0x0A, 0x00, 0x00, 0x03, 0x57, 0x00, 0x00,
	0x01, 0xF4, 0x00, 0x00, 0x02, 0x9A, 0x00, 0x00, 0x01, 0xF4, 0x00, 0x00,
	0x01, 0xF4, 0x00, 0x00, 0x01, 0xF4, 0x00, 0x00, 0x01, 0xF4, 0x00, 0x00,
	0x01, 0xF4, 0x00, 0x00, 0x02, 0x9A, 0x00, 0x00, 0x02, 0x9A, 0x00, 0x00,
	0x02, 0x53, 0x00, 0x00, 0x01, 0xF4, 0x00, 0x00, 0x02, 0x9A, 0x00, 0x00,
	0x01, 0xF4, 0x00, 0x00, 0x02, 0x9A, 0x00, 0x00, 0x01, 0xF4, 0x00, 0x00,
	0x02, 0x9A, 0x00, 0x00, 0x00, 0xE9, 0x00, 0x00, 0x02, 0x8A, 0x00, 0x00,
	0x02, 0x8A, 0x00, 0x00, 0x02, 0xD7, 0x00, 0x00, 0x01, 0xF4, 0x00, 0x00,
	0x02, 0x9A, 0x00, 0x00, 0x01, 0xEE, 0x00, 0x00, 0x02, 0x6C, 0x00, 0x00,
	0x01, 0x05, 0x00, 0x00, 0x02, 0x8A, 0x00, 0x00, 0x02, 0x6C, 0x00, 0x00,
	0x02, 0x8A, 0x00, 0x00, 0x02, 0x6C, 0x00, 0x00, 0x02, 0x6C, 0x00, 0x00,
	0x01, 0x05, 0x00, 0x00, 0x01, 0x05, 0x00, 0x00, 0x01, 0x05, 0x00, 0x00,
	0x01, 0x05, 0x00, 0x00, 0x02, 0xD7, 0x00, 0x00, 0x02, 0xD7, 0x00, 0x00,
	0x03, 0x0E, 0x00, 0x00, 0x02, 0xD7, 0x00, 0x00, 0x02, 0x9D, 0x00, 0x00,
	0x00, 0x00, 0x00, 0x00, 0x00, 0x00, 0x00, 0x03, 0x00, 0x00, 0x00, 0x03,
	0x00, 0x00, 0x00, 0x1C, 0x00, 0x01, 0x00, 0x00, 0x00, 0x00, 0x02, 0x66,
	0x00, 0x03, 0x00, 0x01, 0x00, 0x00, 0x00, 0x1C, 0x00, 0x04, 0x02, 0x4A,
	0x00, 0x00, 0x00, 0x5C, 0x00, 0x40, 0x00, 0x05, 0x00, 0x1C, 0x00, 0x26,
	0x00, 0x27, 0x00, 0x5F, 0x00, 0x60, 0x00, 0x7E, 0x00, 0xA5, 0x00, 0xAC,
	0x00, 0xB1, 0x00, 0xB8, 0x00, 0xBB, 0x00, 0xCF, 0x00, 0xD6, 0x00, 0xDC,
	0x00, 0xEF, 0x00, 0xFC, 0x00, 0xFF, 0x01, 0x31, 0x01, 0x53, 0x01, 0x78,
	0x01, 0x92, 0x02, 0xC7, 0x02, 0xDD, 0x03, 0x94, 0x03, 0xA9, 0x03, 0xC0,
	0x20, 0x14, 0x20, 0x19, 0x20, 0x1E, 0x20, 0x22, 0x20, 0x26, 0x20, 0x30,
	0x20, 0x3A, 0x20, 0x44, 0x21, 0x22, 0x22, 0x02, 0x22, 0x0F, 0x22, 0x1A,
	0x22, 0x1E, 0x22, 0x2B, 0x22, 0x48, 0x22, 0x60, 0x22, 0x65, 0x25, 0xCA,
	0xF8, 0xFF, 0xFB, 0x02, 0xFF, 0xFF, 0x00, 0x00, 0x00, 0x20, 0x00, 0x27,
	0x00, 0x28, 0x00, 0x60, 0x00, 0x61, 0x00, 0xA0, 0x00, 0xA7, 0x00, 0xAF,
	0x00, 0xB4, 0x00, 0xBA, 0x00, 0xBF, 0x00, 0xD1, 0x00, 0xD8, 0x00, 0xDF,
	0x00, 0xF1, 0x00, 0xFF, 0x01, 0x31, 0x01, 0x52, 0x01, 0x78, 0x01, 0x92,
	0x02, 0xC6, 0x02, 0xD8, 0x03, 0x94, 0x03, 0xA9, 0x03, 0xC0, 0x20, 0x13,
	0x20, 0x18, 0x20, 0x1C, 0x20, 0x20, 0x20, 0x26, 0x20, 0x30, 0x20, 0x39,
	0x20, 0x44, 0x21, 0x22, 0x22, 0x02, 0x22, 0x0F, 0x22, 0x1A, 0x22, 0x1E,
	0x22, 0x2B, 0x22, 0x48, 0x22, 0x60, 0x22, 0x64, 0x25, 0xCA, 0xF8, 0xFF,
	0xFB, 0x01, 0xFF, 0xFF, 0xFF, 0xE1, 0x00, 0x00, 0xFF, 0xE1, 0x00, 0x00,
	0xFF, 0xE1, 0x00, 0x00, 0x00, 0x00, 0x00, 0x00, 0x00, 0x00, 0x00, 0x00,
	0x00, 0x00, 0x00, 0x00, 0x00, 0x00, 0x00, 0x00, 0x00, 0x00, 0xFF, 0xCE,
	0xFF, 0x5E, 0x00, 0x00, 0xFF, 0x56, 0xFE, 0xD3, 0x00, 0x00, 0x00, 0x00,
	0xFD, 0x32, 0xFD, 0x19, 0xFD, 0x00, 0x00, 0x00, 0x00, 0x00, 0x00, 0x00,
	0x00, 0x00, 0xE0, 0x52, 0xE0, 0x49, 0xE0, 0x32, 0xE0, 0x1F, 0xDF, 0x94,
	0xDE, 0xBB, 0xDE, 0xB0, 0xDE, 0xAA, 0xDE, 0x9A, 0xDE, 0x96, 0xDE, 0x7D,
	0xDE, 0x57, 0xDE, 0x56, 0xDB, 0x02, 0x07, 0xDC, 0x05, 0x6C, 0x00, 0x01,
	0x00, 0x00, 0x00, 0x5A, 0x00, 0x00, 0x00, 0x58, 0x00, 0x00, 0x00, 0x56,
	0x00, 0x60, 0x00, 0x6A, 0x00, 0x6E, 0x00, 0x76, 0x00, 0x78, 0x00, 0x98,
	0x00, 0xA2, 0x00, 0xAA, 0x00, 0xCA, 0x00, 0x00, 0x00, 0x00, 0x00, 0xDC,
	0x00, 0x00, 0x00, 0x00, 0x00, 0xDA, 0x00, 0xDC, 0x00, 0x00, 0x00, 0x00,
	0x00, 0x00, 0x00, 0xE0, 0x00, 0xE2, 0x00, 0xE4, 0x00, 0xE8, 0x00, 0x00,
	0x00, 0x00, 0x00, 0x00, 0x00, 0x00, 0x00, 0x00, 0x00, 0x00, 0x00, 0x00,
	0x00, 0x00, 0x00, 0x00, 0x00, 0x00, 0x00, 0x00, 0x00, 0x00, 0x00, 0x00,
	0x00, 0x00, 0x00, 0x00, 0x00, 0x00, 0x00, 0x00, 0x00, 0x68, 0x00, 0x7B,
	0x00, 0xC7, 0x00, 0x60, 0x00, 0x61, 0x00, 0x62, 0x00, 0x67, 0x00, 0x64,
	0x00, 0x66, 0x00, 0x82, 0x00, 0xB5, 0x00, 0x8A, 0x00, 0x6A, 0x00, 0xC3,
	0x00, 0x7F, 0x00, 0xB3, 0x00, 0xB9, 0x00, 0x7C, 0x00, 0xBC, 0x00, 0x73,
	0x00, 0x72, 0x00, 0x84, 0x00, 0x8D, 0x00, 0x77, 0x00, 0x7A, 0x00, 0xC8,
	0x00, 0xD2, 0x00, 0xD0, 0x00, 0xC9, 0x00, 0x93, 0x00, 0x94, 0x00, 0x89,
	0x00, 0x95, 0x00, 0xD4, 0x00, 0x96, 0x00, 0xD1, 0x00, 0xD3, 0x00, 0xD8,
	0x00, 0xD5, 0x00, 0xD6, 0x00, 0xD7, 0x00, 0x97, 0x00, 0xDC, 0x00, 0xD9,
	0x00, 0xDA, 0x00, 0xCA, 0x00, 0x98, 0x00, 0x8B, 0x00, 0xDF, 0x00, 0xDD,
	0x00, 0xDE, 0x00, 0x99, 0x00, 0x92, 0x00, 0x9B, 0x00, 0x9A, 0x00, 0x9C,
	0x00, 0x9E, 0x00, 0x9D, 0x00, 0x9F, 0x00, 0x8E, 0x00, 0xA0, 0x00, 0xA2,
	0x00, 0xA1, 0x00, 0xA3, 0x00, 0xA4, 0x00, 0xA6, 0x00, 0xA5, 0x00, 0xA7,
	0x00, 0xA8, 0x00, 0xA9, 0x00, 0xAB, 0x00, 0xAA, 0x00, 0xAC, 0x00, 0xAE,
	0x00, 0xAD, 0x00, 0xCB, 0x00, 0x90, 0x00, 0xB0, 0x00, 0xAF, 0x00, 0xB1,
	0x00, 0xB2, 0x00, 0x8C, 0x00, 0x91, 0x00, 0x7D, 0x00, 0x87, 0x00, 0x80,
	0x00, 0x81, 0x00, 0x83, 0x00, 0x86, 0x00, 0x7E, 0x00, 0x85, 0x00, 0x6F,
	0x00, 0x88, 0x00, 0x41, 0x00, 0x08, 0x00, 0x69, 0x00, 0x76, 0x00, 0x75,
	0x00, 0x70, 0x00, 0x71, 0x00, 0x74, 0x00, 0x00, 0x01, 0x06, 0x00, 0x00,
	0x00, 0x00, 0x00, 0x00, 0x00, 0x00, 0x00, 0x00, 0x00, 0x00, 0x00, 0x00,
	0x00, 0x00, 0x00, 0x00, 0x00, 0x00, 0x00, 0x00, 0x00, 0x00, 0x00, 0x00,
	0x00, 0x00, 0x00, 0x00, 0x00, 0x00, 0x00, 0x00, 0x01, 0x02, 0x03, 0x04,
	0x05, 0x06, 0x07, 0x08, 0x09, 0x0A, 0x0B, 0x0C, 0x0D, 0x0E, 0x0F, 0x10,
	0x11, 0x12, 0x13, 0x14, 0x15, 0x16, 0x17, 0x18, 0x19, 0x1A, 0x1B, 0x1C,
	0x1D, 0x1E, 0x1F, 0x20, 0x21, 0x22, 0x23, 0x24, 0x25, 0x26, 0x27, 0x28,
	0x29, 0x2A, 0x2B, 0x2C, 0x2D, 0x2E, 0x2F, 0x30, 0x31, 0x32, 0x33, 0x34,
	0x35, 0x36, 0x37, 0x38, 0x39, 0x3A, 0x3B, 0x3C, 0x3D, 0x3E, 0x3F, 0x40,
	0x41, 0x42, 0x43, 0x44, 0x45, 0x46, 0x47, 0x48, 0x49, 0x4A, 0x4B, 0x4C,
	0x4D, 0x4E, 0x4F, 0x50, 0x51, 0x52, 0x53, 0x54, 0x55, 0x56, 0x57, 0x58,
	0x59, 0x5A, 0x5B, 0x5C, 0x5D, 0x5E, 0x5F, 0x00, 0x00, 0x00, 0x00, 0x00,
	0x00, 0x00, 0x00, 0x00, 0x00, 0x00, 0x00, 0x00, 0x00, 0x00, 0x00, 0x00,
	0x00, 0x00, 0x00, 0x00, 0x00, 0x00, 0x00, 0x00, 0x00, 0x00, 0x00, 0x00,
	0x00, 0x00, 0x00, 0x00, 0x00, 0x60, 0x61, 0x62, 0x63, 0x64, 0x65, 0x66,
	0x67, 0x68, 0x69, 0x6A, 0x6B, 0x6C, 0x6D, 0x6E, 0x00, 0x6F, 0x70, 0x71,
	0x72, 0x00, 0x73, 0x74, 0x00, 0x75, 0x76, 0x77, 0x78, 0x79, 0x00, 0x7A,
	0x00, 0x7B, 0x7C, 0x7D, 0x7E, 0x7F, 0x80, 0x81, 0x82, 0x00, 0x83, 0x84,
	0x00, 0x85, 0x86, 0x87, 0x88, 0x00, 0x00, 0x00, 0x00, 0x00, 0x00, 0x00,
	0x00, 0x00, 0x00, 0x00, 0x00, 0x00, 0x00, 0x00, 0x00, 0x89, 0x00, 0x8A,
	0x00, 0x00, 0x00, 0x00, 0x00, 0x8B, 0x8C, 0x8D, 0x00, 0x00, 0x00, 0x00,
	0x00, 0x8E, 0x00, 0x00, 0x00, 0x8F, 0x00, 0x00, 0x00, 0x90, 0x91, 0x92,
	0x00, 0x00, 0x00, 0x00, 0x00, 0x00, 0x00, 0x00, 0x00, 0x00, 0x00, 0x16,
	0x00, 0x2C, 0x00, 0x5E, 0x00, 0xA2, 0x00, 0xDC, 0x01, 0x2C, 0x01, 0x40,
	0x01, 0x66, 0x01, 0x8C, 0x01, 0xCA, 0x01, 0xDE, 0x01, 0xF2, 0x01, 0xFE,
	0x02, 0x0A, 0x02, 0x18, 0x02, 0x38, 0x02, 0x4C, 0x02, 0x7E, 0x02, 0xB8,
	0x02, 0xD4, 0x03, 0x04, 0x03, 0x36, 0x03, 0x50, 0x03, 0x92, 0x03, 0xCC,
	0x03, 0xDE, 0x03, 0xF8, 0x04, 0x0C, 0x04, 0x20, 0x04, 0x32, 0x04, 0x68,
	0x04, 0xCC, 0x04, 0xEE, 0x05, 0x24, 0x05, 0x4A, 0x05, 0x74, 0x05, 0x8C,
	0x05, 0xA0, 0x05, 0xCC, 0x05, 0xE4, 0x05, 0xF0, 0x06, 0x0E, 0x06, 0x2A,
	0x06, 0x3A, 0x06, 0x56, 0x06, 0x78, 0x06, 0xA6, 0x06, 0xCE, 0x07, 0x14,
	0x07, 0x46, 0x07, 0x80, 0x07, 0x92, 0x07, 0xBA, 0x07, 0xD2, 0x08, 0x00,
	0x08, 0x28, 0x08, 0x40, 0x08, 0x5C, 0x08, 0x6C, 0x08, 0x7A, 0x08, 0x8A,
	0x08, 0x9C, 0x08, 0xAA, 0x08, 0xBE, 0x08, 0xFC, 0x09, 0x22, 0x09, 0x46,
	0x09, 0x6C, 0x09, 0x9A, 0x09, 0xBE, 0x09, 0xF8, 0x0A, 0x18, 0x0A, 0x2A,
	0x0A, 0x4C, 0x0A, 0x64, 0x0A, 0x70, 0x0A, 0x9E, 0x0A, 0xC0, 0x0A, 0xE8,
	0x0B, 0x0E, 0x0B, 0x36, 0x0B, 0x4E, 0x0B, 0x84, 0x0B, 0xAA, 0x0B, 0xCA,
	0x0B, 0xE2, 0x0C, 0x04, 0x0C, 0x1E, 0x0C, 0x42, 0x0C, 0x64, 0x0C, 0x92,
	0x0C, 0xA0, 0x0C, 0xCC, 0x0C, 0xF6, 0x0D, 0x0C, 0x0D, 0x42, 0x0D, 0x8A,
	0x0D, 0x9A, 0x0D, 0xC0, 0x0D, 0xF6, 0x0E, 0x52, 0x0E, 0x96, 0x0E, 0xA4,
	0x0E, 0xC6, 0x0E, 0xE0, 0x0E, 0xF0, 0x0F, 0x00, 0x0F, 0x2E, 0x0F, 0x56,
	0x0F, 0x64, 0x0F, 0x7A, 0x0F, 0x98, 0x0F, 0xA4, 0x0F, 0xC6, 0x0F, 0xE2,
	0x10, 0x02, 0x10, 0x22, 0x10, 0x3A, 0x10, 0x52, 0x10, 0x52, 0x10, 0x82,
	0x10, 0x90, 0x10, 0x9E, 0x10, 0xB0, 0x10, 0xD0, 0x10, 0xD0, 0x10, 0xE6,
	0x10, 0xE6, 0x10, 0xF8, 0x11, 0x1E, 0x11, 0x1E, 0x11, 0x1E, 0x11, 0x1E,
	0x11, 0x30, 0x11, 0x3E, 0x11, 0x64, 0x11, 0xA2, 0x11, 0xDC, 0x12, 0x10,
	0x12, 0x3A, 0x12, 0x8C, 0x12, 0x98, 0x12, 0xD4, 0x13, 0x1A, 0x13, 0x5E,
	0x13, 0x8C, 0x13, 0xCE, 0x14, 0x12, 0x14, 0x30, 0x14, 0x6A, 0x14, 0xA4,
	0x14, 0xD8, 0x15, 0x1C, 0x15, 0x60, 0x15, 0xA8, 0x15, 0xF2, 0x16, 0x48,
	0x16, 0xA6, 0x16, 0xE0, 0x17, 0x14, 0x17, 0x48, 0x17, 0x80, 0x17, 0xB8,
	0x17, 0xCC, 0x17, 0xE0, 0x17, 0xF8, 0x18, 0x10, 0x18, 0x4C, 0x18, 0x7C,
	0x18, 0xAC, 0x18, 0xE0, 0x19, 0x14, 0x19, 0x56, 0x19, 0x7E, 0x19, 0xA6,
	0x19, 0xD2, 0x19, 0xFE, 0x1A, 0x30, 0x1A, 0x86, 0x1A, 0xDC, 0x1B, 0x04,
	0x1B, 0x26, 0x1B, 0x60, 0x1B, 0x7C, 0x1B, 0x96, 0x1B, 0xB0, 0x1B, 0xD2,
	0x1C, 0x18, 0x1C, 0x3A, 0x1C, 0x5A, 0x1C, 0x70, 0x1C, 0x9E, 0x1C, 0xD0,
	0x1C, 0xE0, 0x1C, 0xF8, 0x1D, 0x3C, 0x1D, 0x52, 0x1D, 0x52, 0x1D, 0x7A,
	0x1D, 0xB4, 0x1D, 0xFC, 0x1E, 0x1E, 0x1E, 0x36, 0x1E, 0x64, 0x1E, 0x86,
	0x1E, 0x9A, 0x1E, 0xC6, 0x1E, 0xE8, 0x1F, 0x10, 0x1F, 0x34, 0x1F, 0x52,
	0x1F, 0x66, 0x1F, 0x7E, 0x1F, 0x96, 0x1F, 0xAA, 0x1F, 0xE0, 0x20, 0x1A,
	0x20, 0x5E, 0x20, 0x94, 0x20, 0xC2, 0x20, 0xF4, 0x21, 0x22, 0x00, 0x00,
	0x00, 0x02, 0x00, 0x00, 0x00, 0x00, 0x00, 0x76, 0x02, 0x9A, 0x00, 0x05,
	0x00, 0x09, 0x00, 0x00, 0x37, 0x03, 0x35, 0x33, 0x15, 0x03, 0x07, 0x33,
	0x15, 0x23, 0x1C, 0x1C, 0x76, 0x1C, 0x56, 0x6E, 0x6E, 0xA8, 0x01, 0x5A,
	0x98, 0x97, 0xFE, 0xA5, 0x3B, 0x6D, 0x00, 0x00, 0x00, 0x02, 0x00, 0x00,
	0x01, 0x88, 0x00, 0xDC, 0x02, 0x9A, 0x00, 0x03, 0x00, 0x07, 0x00, 0x00,
	0x13, 0x03, 0x33, 0x03, 0x23, 0x03, 0x33, 0x03, 0x9C, 0x11, 0x51, 0x10,
	0xBB, 0x11, 0x52, 0x11, 0x01, 0x88, 0x01, 0x12, 0xFE, 0xEE, 0x01, 0x12,
	0xFE, 0xEE, 0x00, 0x00, 0x00, 0x02, 0x00, 0x00, 0x00, 0x00, 0x01, 0xE9,
	0x02, 0x9A, 0x00, 0x03, 0x00, 0x1F, 0x00, 0x00, 0x13, 0x07, 0x33, 0x37,
	0x17, 0x23, 0x07, 0x23, 0x37, 0x23, 0x07, 0x23, 0x37, 0x23, 0x37, 0x33,
	0x37, 0x23, 0x37, 0x33, 0x37, 0x33, 0x07, 0x33, 0x37, 0x33, 0x07, 0x33,
	0x07, 0x23, 0x07, 0x33, 0xC4, 0x14, 0x7E, 0x13, 0x8C, 0x6C, 0x22, 0x3B,
	0x21, 0x7D, 0x23, 0x3A, 0x21, 0x6C, 0x01, 0x74, 0x13, 0x6C, 0x01, 0x74,
	0x20, 0x3B, 0x20, 0x7E, 0x20, 0x3C, 0x20, 0x63, 0x01, 0x6B, 0x13, 0x64,
	0x01, 0x92, 0x7D, 0x7D, 0xB7, 0xDB, 0xDB, 0xDB, 0xDB, 0x3A, 0x7D, 0x3A,
	0xCE, 0xCE, 0xCE, 0xCE, 0x3A, 0x7D, 0x00, 0x00, 0x00, 0x03, 0x00, 0x00,
	0xFF, 0xA2, 0x01, 0xBB, 0x02, 0xD4, 0x00, 0x04, 0x00, 0x09, 0x00, 0x2A,
	0x00, 0x00, 0x37, 0x36, 0x35, 0x34, 0x27, 0x03, 0x06, 0x15, 0x14, 0x17,
	0x11, 0x26, 0x27, 0x26, 0x27, 0x37, 0x16, 0x17, 0x35, 0x26, 0x35, 0x34,
	0x37, 0x35, 0x33, 0x15, 0x16, 0x17, 0x07, 0x26, 0x27, 0x15, 0x17, 0x16,
	0x17, 0x16, 0x15, 0x14, 0x07, 0x06, 0x07, 0x15, 0x23, 0xFC, 0x5E, 0x5E,
	0x39, 0x53, 0x53, 0x43, 0x24, 0x50, 0x0C, 0x63, 0x11, 0x4F, 0xB3, 0xB3,
	0x39, 0x96, 0x18, 0x63, 0x0C, 0x3F, 0x08, 0x55, 0x27, 0x3B, 0x35, 0x36,
	0x54, 0x39, 0x48, 0x0F, 0x60, 0x4F, 0x19, 0x01, 0x38, 0x14, 0x4D, 0x41,
	0x1F, 0xFE, 0x5D, 0x0A, 0x18, 0x33, 0x72, 0x0D, 0x66, 0x15, 0xE3, 0x31,
	0x90, 0xA8, 0x12, 0x2A, 0x2A, 0x15, 0x8C, 0x0E, 0x49, 0x12, 0xD0, 0x03,
	0x16, 0x20, 0x31, 0x5B, 0x54, 0x38, 0x38, 0x07, 0x54, 0x00, 0x00, 0x00,
	0x00, 0x05, 0x00, 0x00, 0xFF, 0xE7, 0x02, 0xDA, 0x02, 0xA6, 0x00, 0x07,
	0x00, 0x0F, 0x00, 0x17, 0x00, 0x1F, 0x00, 0x23, 0x00, 0x00, 0x00, 0x15,
	0x14, 0x33, 0x32, 0x35, 0x34, 0x23, 0x00, 0x15, 0x14, 0x33, 0x32, 0x35,
	0x34, 0x23, 0x00, 0x23, 0x22, 0x37, 0x34, 0x33, 0x32, 0x15, 0x24, 0x23,
	0x22, 0x35, 0x34, 0x33, 0x32, 0x15, 0x25, 0x01, 0x23, 0x01, 0x02, 0x0D,
	0x3C, 0x3B, 0x3B, 0xFE, 0x0C, 0x3B, 0x3C, 0x3C, 0x02, 0x4A, 0x92, 0x91,
	0x02, 0x8F, 0x92, 0xFE, 0x47, 0x91, 0x90, 0x8F, 0x92, 0x01, 0x28, 0xFE,
	0x99, 0x50, 0x01, 0x68, 0x01, 0x07, 0x70, 0x70, 0x71, 0x6F, 0x01, 0x5F,
	0x71, 0x6F, 0x71, 0x6F, 0xFD, 0x81, 0xAD, 0xB3, 0xB1, 0xAF, 0xAF, 0xB2,
	0xB1, 0xB1, 0xFD, 0x41, 0x02, 0xBF, 0x00, 0x00, 0x00, 0x03, 0x00, 0x00,
	0xFF, 0xF0, 0x02, 0x4A, 0x02, 0xA6, 0x00, 0x09, 0x00, 0x15, 0x00, 0x34,
	0x00, 0x00, 0x01, 0x36, 0x35, 0x34, 0x23, 0x22, 0x15, 0x14, 0x1F, 0x01,
	0x06, 0x15, 0x14, 0x17, 0x16, 0x33, 0x32, 0x37, 0x26, 0x27, 0x26, 0x27,
	0x05, 0x06, 0x07, 0x16, 0x17, 0x07, 0x26, 0x27, 0x06, 0x23, 0x22, 0x27,
	0x26, 0x35, 0x34, 0x37, 0x26, 0x35, 0x34, 0x37, 0x36, 0x33, 0x32, 0x17,
	0x16, 0x15, 0x14, 0x07, 0x17, 0x36, 0x37, 0x01, 0x1D, 0x2E, 0x49, 0x47,
	0x1F, 0x22, 0x8F, 0x20, 0x21, 0x2C, 0x4C, 0x38, 0x1F, 0x26, 0x25, 0x23,
	0x01, 0x4A, 0x11, 0x28, 0x2D, 0x3B, 0x41, 0x33, 0x36, 0x4C, 0x77, 0x61,
	0x3E, 0x3E, 0x9C, 0x48, 0x31, 0x32, 0x4A, 0x4B, 0x30, 0x30, 0x7C, 0x6B,
	0x12, 0x0C, 0x01, 0xCA, 0x21, 0x28, 0x45, 0x3D, 0x1D, 0x25, 0x27, 0xAF,
	0x48, 0x2D, 0x21, 0x21, 0x43, 0x20, 0x2F, 0x2E, 0x32, 0x1A, 0x49, 0x41,
	0x32, 0x28, 0x50, 0x19, 0x3C, 0x50, 0x37, 0x37, 0x56, 0x7B, 0x4C, 0x54,
	0x3F, 0x3E, 0x2B, 0x2A, 0x29, 0x2A, 0x40, 0x5A, 0x47, 0x8B, 0x23, 0x32,
	0x00, 0x01, 0x00, 0x00, 0x01, 0xAD, 0x00, 0x73, 0x02, 0xA3, 0x00, 0x08,
	0x00, 0x00, 0x13, 0x33, 0x15, 0x14, 0x07, 0x27, 0x36, 0x37, 0x23, 0x08,
	0x6B, 0x5D, 0x16, 0x3B, 0x01, 0x34, 0x02, 0xA3, 0x52, 0x7D, 0x27, 0x2A,
	0x19, 0x45, 0x00, 0x00, 0x00, 0x01, 0x00, 0x00, 0xFF, 0x3D, 0x00, 0xE1,
	0x02, 0xA6, 0x00, 0x15, 0x00, 0x00, 0x17, 0x27, 0x26, 0x27, 0x26, 0x35,
	0x34, 0x37, 0x36, 0x37, 0x36, 0x37, 0x33, 0x07, 0x06, 0x07, 0x06, 0x17,
	0x14, 0x17, 0x16, 0x17, 0x98, 0x03, 0x3E, 0x2D, 0x2A, 0x32, 0x18, 0x1E,
	0x15, 0x1C, 0x48, 0x05, 0x41, 0x18, 0x1E, 0x01, 0x3B, 0x1C, 0x23, 0xC3,
	0x04, 0x55, 0x77, 0x72, 0x72, 0x81, 0x7C, 0x3A, 0x33, 0x24, 0x27, 0x0A,
	0x7E, 0x56, 0x6B, 0x6D, 0x95, 0x96, 0x47, 0x41, 0x00, 0x01, 0x00, 0x00,
	0xFF, 0x3D, 0x00, 0xE0, 0x02, 0xA6, 0x00, 0x15, 0x00, 0x00, 0x13, 0x17,
	0x16, 0x17, 0x16, 0x15, 0x14, 0x07, 0x06, 0x07, 0x06, 0x07, 0x23, 0x37,
	0x36, 0x37, 0x36, 0x35, 0x34, 0x27, 0x26, 0x27, 0x48, 0x04, 0x41, 0x29,
	0x2A, 0x32, 0x18, 0x1E, 0x18, 0x18, 0x47, 0x04, 0x44, 0x15, 0x1D, 0x3C,
	0x1C, 0x23, 0x02, 0xA6, 0x04, 0x5B, 0x72, 0x73, 0x72, 0x84, 0x77, 0x3A,
	0x33, 0x28, 0x23, 0x09, 0x89, 0x4A, 0x6C, 0x6D, 0x91, 0x9A, 0x48, 0x41,
	0x00, 0x01, 0x00, 0x00, 0x01, 0x7A, 0x01, 0x3A, 0x02, 0xA6, 0x00, 0x25,
	0x00, 0x00, 0x13, 0x16, 0x17, 0x27, 0x26, 0x3D, 0x01, 0x33, 0x15, 0x14,
	0x0F, 0x01, 0x37, 0x36, 0x3F, 0x01, 0x17, 0x07, 0x06, 0x07, 0x1F, 0x01,
	0x07, 0x26, 0x2F, 0x01, 0x07, 0x06, 0x07, 0x27, 0x37, 0x36, 0x3F, 0x01,
	0x27, 0x26, 0x2F, 0x01, 0x18, 0x3A, 0x2F, 0x01, 0x08, 0x48, 0x0A, 0x01,
	0x07, 0x3E, 0x22, 0x08, 0x16, 0x05, 0x35, 0x39, 0x06, 0x4A, 0x3E, 0x16,
	0x12, 0x16, 0x02, 0x1B, 0x20, 0x3D, 0x04, 0x2F, 0x19, 0x04, 0x39, 0x1A,
	0x0A, 0x14, 0x02, 0x61, 0x16, 0x1A, 0x0A, 0x39, 0x2D, 0x05, 0x03, 0x24,
	0x46, 0x07, 0x03, 0x1B, 0x0C, 0x03, 0x49, 0x01, 0x0F, 0x08, 0x05, 0x53,
	0x2B, 0x21, 0x1E, 0x25, 0x05, 0x30, 0x30, 0x2D, 0x05, 0x36, 0x18, 0x04,
	0x0D, 0x05, 0x03, 0x06, 0x00, 0x01, 0x00, 0x00, 0x00, 0x72, 0x01, 0xE1,
	0x02, 0x39, 0x00, 0x0B, 0x00, 0x00, 0x13, 0x35, 0x33, 0x15, 0x33, 0x15,
	0x23, 0x15, 0x23, 0x35, 0x23, 0x35, 0xD0, 0x41, 0xD0, 0xCF, 0x41, 0xD1,
	0x01, 0x76, 0xC3, 0xC3, 0x41, 0xC3, 0xC3, 0x41, 0x00, 0x01, 0x00, 0x00,
	0xFF, 0x75, 0x00, 0x76, 0x00, 0x6D, 0x00, 0x08, 0x00, 0x00, 0x37, 0x33,
	0x15, 0x14, 0x07, 0x27, 0x36, 0x37, 0x23, 0x08, 0x6E, 0x5E, 0x18, 0x3B,
	0x03, 0x36, 0x6D, 0x5C, 0x75, 0x27, 0x2B, 0x19, 0x47, 0x00, 0x00, 0x00,
	0x00, 0x01, 0x00, 0x00, 0x00, 0xBD, 0x00, 0xFB, 0x01, 0x25, 0x00, 0x03,
	0x00, 0x00, 0x11, 0x33, 0x15, 0x23, 0xFB, 0xFB, 0x01, 0x25, 0x68, 0x00,
	0x00, 0x01, 0x00, 0x00, 0x00, 0x00, 0x00, 0x6D, 0x00, 0x6D, 0x00, 0x03,
	0x00, 0x00, 0x35, 0x33, 0x15, 0x23, 0x6D, 0x6D, 0x6D, 0x6D, 0x00, 0x00,
	0x00, 0x01, 0x00, 0x00, 0xFF, 0x3D, 0x01, 0x05, 0x02, 0xA4, 0x00, 0x03,
	0x00, 0x00, 0x15, 0x13, 0x33, 0x03, 0xB7, 0x4E, 0xB7, 0xC3, 0x03, 0x67,
	0xFC, 0x99, 0x00, 0x00, 0x00, 0x02, 0x00, 0x00, 0xFF, 0xF5, 0x01, 0xB2,
	0x02, 0x9D, 0x00, 0x09, 0x00, 0x11, 0x00, 0x00, 0x36, 0x37, 0x32, 0x37,
	0x36, 0x35, 0x34, 0x23, 0x22, 0x11, 0x02, 0x33, 0x32, 0x11, 0x10, 0x23,
	0x22, 0x11, 0x6C, 0x6D, 0x3B, 0x1A, 0x19, 0x6E, 0x6D, 0x6C, 0xD9, 0xD9,
	0xD9, 0xD9, 0x49, 0x01, 0x3E, 0x3E, 0x90, 0xF1, 0xFF, 0x00, 0x01, 0x56,
	0xFE, 0xAB, 0xFE, 0xAD, 0x01, 0x54, 0x00, 0x00, 0x00, 0x01, 0x00, 0x00,
	0x00, 0x00, 0x01, 0x0C, 0x02, 0x9D, 0x00, 0x08, 0x00, 0x00, 0x33, 0x11,
	0x06, 0x07, 0x35, 0x36, 0x37, 0x33, 0x11, 0xA5, 0x45, 0x60, 0x90, 0x2F,
	0x4D, 0x01, 0xF6, 0x3F, 0x23, 0x61, 0x3B, 0x6D, 0xFD, 0x63, 0x00, 0x00,
	0x00, 0x01, 0x00, 0x00, 0x00, 0x00, 0x01, 0xBC, 0x02, 0x9D, 0x00, 0x1E,
	0x00, 0x00, 0x29, 0x01, 0x36, 0x37, 0x36, 0x37, 0x36, 0x37, 0x36, 0x37,
	0x36, 0x35, 0x34, 0x23, 0x22, 0x07, 0x27, 0x36, 0x33, 0x32, 0x17, 0x16,
	0x15, 0x14, 0x07, 0x06, 0x07, 0x06, 0x0F, 0x01, 0x21, 0x01, 0xBC, 0xFE,
	0x44, 0x02, 0x39, 0x24, 0x4D, 0x4E, 0x20, 0x20, 0x0E, 0x0B, 0x6C, 0x6C,
	0x03, 0x69, 0x12, 0xC3, 0x62, 0x3B, 0x3A, 0x51, 0x30, 0x4C, 0x3E, 0x13,
	0x06, 0x01, 0x25, 0x44, 0x4C, 0x2F, 0x43, 0x44, 0x24, 0x23, 0x20, 0x19,
	0x1B, 0x66, 0x78, 0x0B, 0xC3, 0x33, 0x33, 0x55, 0x5B, 0x56, 0x33, 0x40,
	0x35, 0x1E, 0x0A, 0x00, 0x00, 0x01, 0x00, 0x00, 0xFF, 0xF5, 0x01, 0xB7,
	0x02, 0x9D, 0x00, 0x27, 0x00, 0x00, 0x37, 0x16, 0x37, 0x32, 0x37, 0x36,
	0x35, 0x34, 0x27, 0x26, 0x23, 0x22, 0x07, 0x37, 0x33, 0x32, 0x35, 0x34,
	0x23, 0x22, 0x07, 0x27, 0x36, 0x33, 0x32, 0x17, 0x16, 0x15, 0x14, 0x07,
	0x16, 0x15, 0x14, 0x07, 0x06, 0x23, 0x22, 0x27, 0x26, 0x27, 0x65, 0x14,
	0x5E, 0x32, 0x21, 0x21, 0x1F, 0x1F, 0x2F, 0x1B, 0x21, 0x0C, 0x0C, 0x75,
	0x5D, 0x59, 0x0E, 0x63, 0x22, 0xA8, 0x54, 0x39, 0x39, 0x5E, 0x7D, 0x41,
	0x40, 0x61, 0x57, 0x3B, 0x3B, 0x08, 0xBD, 0x75, 0x02, 0x24, 0x23, 0x36,
	0x33, 0x22, 0x21, 0x09, 0x57, 0x63, 0x5A, 0x6A, 0x12, 0xAD, 0x32, 0x31,
	0x49, 0x5A, 0x30, 0x1C, 0x85, 0x5A, 0x3B, 0x3C, 0x34, 0x33, 0x54, 0x00,
	0x00, 0x02, 0x00, 0x00, 0x00, 0x00, 0x01, 0xD6, 0x02, 0x9B, 0x00, 0x02,
	0x00, 0x0D, 0x00, 0x00, 0x01, 0x03, 0x33, 0x15, 0x21, 0x35, 0x01, 0x33,
	0x11, 0x33, 0x15, 0x23, 0x15, 0x23, 0x01, 0x19, 0xB6, 0xB6, 0xFE, 0xE7,
	0x01, 0x29, 0x56, 0x57, 0x56, 0x67, 0x01, 0xFA, 0xFE, 0xF6, 0x5D, 0x5D,
	0x01, 0xAB, 0xFE, 0x55, 0x5C, 0x94, 0x00, 0x00, 0x00, 0x01, 0x00, 0x00,
	0xFF, 0xF5, 0x01, 0xBD, 0x02, 0x91, 0x00, 0x1E, 0x00, 0x00, 0x37, 0x16,
	0x33, 0x32, 0x37, 0x36, 0x35, 0x34, 0x23, 0x22, 0x07, 0x27, 0x13, 0x21,
	0x15, 0x23, 0x07, 0x36, 0x33, 0x16, 0x17, 0x16, 0x15, 0x14, 0x07, 0x06,
	0x23, 0x22, 0x27, 0x26, 0x27, 0x6A, 0x10, 0x60, 0x35, 0x21, 0x22, 0x7A,
	0x45, 0x2A, 0x5A, 0x42, 0x01, 0x4E, 0xFE, 0x1D, 0x36, 0x37, 0x58, 0x3A,
	0x3A, 0x41, 0x40, 0x64, 0x59, 0x3B, 0x3B, 0x09, 0xB7, 0x6F, 0x29, 0x28,
	0x40, 0x8C, 0x39, 0x0D, 0x01, 0x58, 0x61, 0x95, 0x21, 0x01, 0x3E, 0x3E,
	0x5E, 0x67, 0x43, 0x42, 0x32, 0x33, 0x53, 0x00, 0x00, 0x02, 0x00, 0x00,
	0xFF, 0xF5, 0x01, 0xBA, 0x02, 0x9D, 0x00, 0x09, 0x00, 0x20, 0x00, 0x00,
	0x36, 0x17, 0x16, 0x33, 0x32, 0x35, 0x34, 0x23, 0x22, 0x15, 0x13, 0x26,
	0x23, 0x22, 0x07, 0x36, 0x33, 0x32, 0x17, 0x16, 0x15, 0x14, 0x07, 0x06,
	0x23, 0x22, 0x27, 0x26, 0x35, 0x10, 0x33, 0x32, 0x17, 0x75, 0x22, 0x21,
	0x31, 0x6A, 0x6E, 0x70, 0xD4, 0x10, 0x4F, 0x7B, 0x06, 0x35, 0x5A, 0x53,
	0x38, 0x37, 0x3B, 0x3B, 0x5C, 0x80, 0x3A, 0x2E, 0xF0, 0xA7, 0x17, 0x9D,
	0x2A, 0x2A, 0x89, 0x8C, 0x85, 0x01, 0x14, 0x5B, 0xE1, 0x49, 0x3E, 0x3E,
	0x5E, 0x63, 0x3F, 0x3F, 0x67, 0x51, 0x8E, 0x01, 0x62, 0xA6, 0x00, 0x00,
	0x00, 0x01, 0x00, 0x00, 0x00, 0x00, 0x01, 0xB2, 0x02, 0x91, 0x00, 0x0C,
	0x00, 0x00, 0x11, 0x21, 0x15, 0x06, 0x07, 0x06, 0x07, 0x23, 0x36, 0x37,
	0x36, 0x37, 0x21, 0x01, 0xB2, 0x65, 0x48, 0x3D, 0x06, 0x66, 0x02, 0x42,
	0x3F, 0x56, 0xFE, 0xCB, 0x02, 0x91, 0x4D, 0x68, 0xAF, 0x96, 0x97, 0x91,
	0xA3, 0x98, 0x64, 0x00, 0x00, 0x03, 0x00, 0x00, 0xFF, 0xF5, 0x01, 0xB7,
	0x02, 0x9D, 0x00, 0x0D, 0x00, 0x15, 0x00, 0x2D, 0x00, 0x00, 0x36, 0x17,
	0x16, 0x33, 0x32, 0x35, 0x34, 0x27, 0x26, 0x23, 0x22, 0x07, 0x06, 0x15,
	0x36, 0x33, 0x32, 0x35, 0x34, 0x23, 0x22, 0x15, 0x06, 0x35, 0x34, 0x37,
	0x36, 0x33, 0x32, 0x17, 0x16, 0x15, 0x14, 0x07, 0x16, 0x15, 0x14, 0x07,
	0x06, 0x23, 0x22, 0x27, 0x26, 0x35, 0x34, 0x37, 0x68, 0x21, 0x22, 0x32,
	0x72, 0x20, 0x21, 0x33, 0x32, 0x21, 0x20, 0x14, 0x5F, 0x5F, 0x5F, 0x5F,
	0x66, 0x37, 0x36, 0x57, 0x57, 0x37, 0x37, 0x5F, 0x77, 0x3D, 0x3D, 0x60,
	0x62, 0x3D, 0x3E, 0x78, 0x8E, 0x23, 0x23, 0x79, 0x36, 0x23, 0x22, 0x23,
	0x22, 0x35, 0xCD, 0x5C, 0x5F, 0x5F, 0x5D, 0x64, 0x4C, 0x2F, 0x30, 0x30,
	0x31, 0x4D, 0x60, 0x27, 0x2A, 0x7F, 0x59, 0x39, 0x38, 0x38, 0x39, 0x59,
	0x86, 0x23, 0x00, 0x00, 0x00, 0x02, 0x00, 0x00, 0xFF, 0xF5, 0x01, 0xB9,
	0x02, 0x9D, 0x00, 0x0B, 0x00, 0x25, 0x00, 0x00, 0x00, 0x27, 0x26, 0x23,
	0x22, 0x07, 0x06, 0x15, 0x14, 0x33, 0x32, 0x35, 0x03, 0x16, 0x33, 0x32,
	0x37, 0x36, 0x3D, 0x01, 0x06, 0x23, 0x22, 0x27, 0x26, 0x35, 0x34, 0x37,
	0x36, 0x33, 0x32, 0x17, 0x16, 0x15, 0x10, 0x23, 0x22, 0x27, 0x01, 0x46,
	0x20, 0x20, 0x31, 0x2F, 0x20, 0x1F, 0x71, 0x6E, 0xD6, 0x0F, 0x4F, 0x41,
	0x1D, 0x24, 0x34, 0x5A, 0x54, 0x37, 0x37, 0x3B, 0x3B, 0x5D, 0x7D, 0x3B,
	0x2E, 0xF1, 0xA4, 0x18, 0x01, 0xF6, 0x29, 0x28, 0x27, 0x27, 0x3C, 0x8A,
	0x84, 0xFE, 0xED, 0x5B, 0x39, 0x45, 0x57, 0x0C, 0x49, 0x3E, 0x3E, 0x5F,
	0x63, 0x3F, 0x3F, 0x6A, 0x4F, 0x92, 0xFE, 0xA3, 0xA5, 0x00, 0x00, 0x00,
	0x00, 0x02, 0x00, 0x00, 0x00, 0x00, 0x00, 0x6E, 0x01, 0xE2, 0x00, 0x03,
	0x00, 0x07, 0x00, 0x00, 0x11, 0x33, 0x15, 0x23, 0x11, 0x33, 0x15, 0x23,
	0x6E, 0x6E, 0x6E, 0x6E, 0x01, 0xE2, 0x6D, 0xFE, 0xF8, 0x6D, 0x00, 0x00,
	0x00, 0x02, 0x00, 0x00, 0xFF, 0x75, 0x00, 0x75, 0x01, 0xE2, 0x00, 0x03,
	0x00, 0x0C, 0x00, 0x00, 0x13, 0x33, 0x15, 0x23, 0x11, 0x33, 0x15, 0x14,
	0x07, 0x27, 0x36, 0x37, 0x23, 0x08, 0x6D, 0x6D, 0x6D, 0x5D, 0x18, 0x3C,
	0x01, 0x35, 0x01, 0xE2, 0x6D, 0xFE, 0xF8, 0x5C, 0x76, 0x26, 0x2B, 0x19,
	0x47, 0x00, 0x00, 0x00, 0x00, 0x01, 0x00, 0x00, 0x00, 0x63, 0x01, 0xE1,
	0x02, 0x44, 0x00, 0x06, 0x00, 0x00, 0x01, 0x0D, 0x01, 0x15, 0x25, 0x35,
	0x25, 0x01, 0xE1, 0xFE, 0x73, 0x01, 0x8D, 0xFE, 0x1F, 0x01, 0xE1, 0x01,
	0xFE, 0xAC, 0xA9, 0x46, 0xCA, 0x48, 0xCF, 0x00, 0x00, 0x02, 0x00, 0x00,
	0x00, 0xEA, 0x01, 0xE1, 0x01, 0xC0, 0x00, 0x03, 0x00, 0x07, 0x00, 0x00,
	0x01, 0x15, 0x21, 0x35, 0x25, 0x15, 0x21, 0x35, 0x01, 0xE1, 0xFE, 0x1F,
	0x01, 0xE1, 0xFE, 0x1F, 0x01, 0x2B, 0x41, 0x41, 0x95, 0x41, 0x41, 0x00,
	0x00, 0x01, 0x00, 0x00, 0x00, 0x63, 0x01, 0xE1, 0x02, 0x44, 0x00, 0x06,
	0x00, 0x00, 0x35, 0x2D, 0x01, 0x35, 0x05, 0x15, 0x05, 0x01, 0x8D, 0xFE,
	0x73, 0x01, 0xE1, 0xFE, 0x1F, 0xA9, 0xAC, 0xA8, 0x47, 0xCA, 0x47, 0xD0,
	0x00, 0x02, 0x00, 0x00, 0x00, 0x00, 0x01, 0xC5, 0x02, 0xA4, 0x00, 0x1E,
	0x00, 0x22, 0x00, 0x00, 0x11, 0x36, 0x37, 0x36, 0x33, 0x32, 0x17, 0x16,
	0x15, 0x14, 0x0F, 0x01, 0x06, 0x07, 0x06, 0x07, 0x06, 0x1D, 0x01, 0x23,
	0x35, 0x34, 0x37, 0x36, 0x35, 0x34, 0x27, 0x26, 0x23, 0x22, 0x07, 0x13,
	0x33, 0x15, 0x23, 0x07, 0x3E, 0x3E, 0x5F, 0x61, 0x41, 0x41, 0x3D, 0x18,
	0x0F, 0x0D, 0x2D, 0x0C, 0x0C, 0x60, 0x63, 0x4C, 0x23, 0x23, 0x34, 0x69,
	0x18, 0x4A, 0x6D, 0x6D, 0x01, 0xE2, 0x58, 0x35, 0x35, 0x36, 0x35, 0x50,
	0x44, 0x3D, 0x16, 0x0E, 0x0B, 0x27, 0x17, 0x17, 0x2F, 0x0E, 0x1D, 0x64,
	0x54, 0x3E, 0x2E, 0x2D, 0x1F, 0x1E, 0x7C, 0xFE, 0x97, 0x6D, 0x00, 0x00,
	0x00, 0x02, 0x00, 0x00, 0xFF, 0xF6, 0x02, 0xA0, 0x02, 0xA5, 0x00, 0x09,
	0x00, 0x48, 0x00, 0x00, 0x24, 0x35, 0x34, 0x23, 0x22, 0x07, 0x06, 0x15,
	0x14, 0x33, 0x05, 0x06, 0x07, 0x06, 0x23, 0x22, 0x27, 0x26, 0x35, 0x34,
	0x37, 0x36, 0x33, 0x32, 0x17, 0x16, 0x15, 0x14, 0x07, 0x06, 0x23, 0x22,
	0x3D, 0x01, 0x06, 0x23, 0x22, 0x27, 0x26, 0x35, 0x34, 0x37, 0x36, 0x33,
	0x32, 0x17, 0x37, 0x33, 0x03, 0x06, 0x15, 0x14, 0x33, 0x32, 0x37, 0x36,
	0x35, 0x34, 0x27, 0x26, 0x23, 0x22, 0x07, 0x06, 0x15, 0x14, 0x17, 0x16,
	0x33, 0x32, 0x37, 0x36, 0x37, 0x01, 0xAD, 0x56, 0x32, 0x22, 0x22, 0x5E,
	0x01, 0x38, 0x37, 0x2B, 0x48, 0x6B, 0x99, 0x64, 0x65, 0x65, 0x64, 0x97,
	0x8A, 0x5B, 0x5B, 0xA2, 0x21, 0x1A, 0x31, 0x29, 0x3F, 0x40, 0x27, 0x28,
	0x34, 0x34, 0x4D, 0x52, 0x21, 0x0C, 0x3A, 0x30, 0x05, 0x12, 0x1F, 0x32,
	0x3E, 0x4E, 0x4D, 0x77, 0x7E, 0x56, 0x56, 0x57, 0x57, 0x7F, 0x46, 0x39,
	0x26, 0x31, 0xC7, 0x98, 0x5E, 0x28, 0x29, 0x3B, 0x6A, 0x43, 0x44, 0x1B,
	0x2F, 0x61, 0x60, 0x93, 0x95, 0x63, 0x63, 0x51, 0x51, 0x7B, 0xB6, 0x3E,
	0x0E, 0x33, 0x05, 0x34, 0x2D, 0x2D, 0x48, 0x59, 0x3C, 0x3C, 0x46, 0x3A,
	0xFE, 0xF9, 0x1B, 0x05, 0x13, 0x30, 0x3B, 0x5B, 0x6D, 0x47, 0x47, 0x57,
	0x56, 0x7F, 0x7E, 0x56, 0x57, 0x1F, 0x13, 0x31, 0x00, 0x02, 0x00, 0x00,
	0x00, 0x00, 0x02, 0x85, 0x02, 0x9A, 0x00, 0x06, 0x00, 0x0E, 0x00, 0x00,
	0x01, 0x27, 0x26, 0x27, 0x06, 0x0F, 0x01, 0x03, 0x01, 0x33, 0x01, 0x23,
	0x27, 0x21, 0x07, 0x01, 0xA4, 0x3E, 0x20, 0x0B, 0x11, 0x13, 0x40, 0xD7,
	0x01, 0x02, 0x75, 0x01, 0x0E, 0x7A, 0x44, 0xFE, 0xF0, 0x42, 0x01, 0x0D,
	0xA4, 0x59, 0x22, 0x3E, 0x32, 0xAF, 0xFE, 0xF3, 0x02, 0x9A, 0xFD, 0x66,
	0xB2, 0xB2, 0x00, 0x00, 0x00, 0x03, 0x00, 0x00, 0x00, 0x00, 0x02, 0x11,
	0x02, 0x9A, 0x00, 0x0A, 0x00, 0x13, 0x00, 0x22, 0x00, 0x00, 0x13, 0x32,
	0x37, 0x36, 0x35, 0x34, 0x27, 0x26, 0x2B, 0x01, 0x15, 0x13, 0x32, 0x35,
	0x34, 0x27, 0x26, 0x2B, 0x01, 0x15, 0x03, 0x21, 0x32, 0x17, 0x16, 0x15,
	0x14, 0x07, 0x16, 0x15, 0x14, 0x07, 0x06, 0x2B, 0x01, 0xE4, 0x5C, 0x22,
	0x23, 0x22, 0x22, 0x68, 0x6B, 0x92, 0x9F, 0x4D, 0x1F, 0x40, 0x85, 0x6E,
	0x01, 0x02, 0x6C, 0x31, 0x52, 0x5E, 0x7E, 0x7E, 0x33, 0x6F, 0xF1, 0x01,
	0x89, 0x13, 0x13, 0x34, 0x36, 0x12, 0x12, 0xB4, 0xFE, 0xD5, 0x65, 0x50,
	0x11, 0x07, 0xCD, 0x02, 0x3C, 0x1C, 0x30, 0x5D, 0x62, 0x2D, 0x25, 0x7D,
	0x8D, 0x24, 0x0F, 0x00, 0x00, 0x01, 0x00, 0x00, 0xFF, 0xF5, 0x02, 0x49,
	0x02, 0xA6, 0x00, 0x17, 0x00, 0x00, 0x01, 0x26, 0x23, 0x22, 0x15, 0x14,
	0x33, 0x32, 0x37, 0x17, 0x06, 0x23, 0x22, 0x27, 0x26, 0x35, 0x34, 0x37,
	0x36, 0x33, 0x32, 0x17, 0x16, 0x17, 0x01, 0xD6, 0x25, 0x7D, 0xC3, 0xBF,
	0x8A, 0x23, 0x6C, 0x3C, 0xD9, 0x8F, 0x53, 0x52, 0x55, 0x54, 0x90, 0xA3,
	0x49, 0x0F, 0x0E, 0x01, 0xC9, 0x7E, 0xF7, 0xFE, 0x9D, 0x20, 0xDA, 0x5C,
	0x5D, 0xA0, 0x9E, 0x5D, 0x5D, 0x7B, 0x19, 0x2F, 0x00, 0x02, 0x00, 0x00,
	0x00, 0x00, 0x02, 0x2B, 0x02, 0x9A, 0x00, 0x0C, 0x00, 0x19, 0x00, 0x00,
	0x37, 0x32, 0x37, 0x36, 0x37, 0x36, 0x35, 0x34, 0x27, 0x26, 0x2B, 0x01,
	0x11, 0x03, 0x33, 0x32, 0x17, 0x16, 0x17, 0x16, 0x15, 0x14, 0x07, 0x06,
	0x2B, 0x01, 0xE9, 0x59, 0x27, 0x23, 0x13, 0x1A, 0x5E, 0x28, 0x5E, 0x67,
	0x6E, 0xEE, 0x71, 0x38, 0x2D, 0x22, 0x45, 0x88, 0x3E, 0x6E, 0xF7, 0x5E,
	0x18, 0x16, 0x2B, 0x38, 0x63, 0xAB, 0x2C, 0x13, 0xFE, 0x22, 0x02, 0x3C,
	0x1C, 0x17, 0x2C, 0x5B, 0x92, 0xDB, 0x4F, 0x24, 0x00, 0x01, 0x00, 0x00,
	0x00, 0x00, 0x01, 0xF7, 0x02, 0x9A, 0x00, 0x0B, 0x00, 0x00, 0x11, 0x21,
	0x15, 0x21, 0x15, 0x21, 0x15, 0x21, 0x15, 0x21, 0x15, 0x21, 0x01, 0xE8,
	0xFE, 0x87, 0x01, 0x60, 0xFE, 0xA0, 0x01, 0x88, 0xFE, 0x09, 0x02, 0x9A,
	0x5E, 0xB1, 0x5E, 0xCE, 0x5F, 0x00, 0x00, 0x00, 0x00, 0x01, 0x00, 0x00,
	0x00, 0x00, 0x01, 0xC6, 0x02, 0x9A, 0x00, 0x09, 0x00, 0x00, 0x11, 0x21,
	0x15, 0x21, 0x15, 0x21, 0x15, 0x21, 0x11, 0x23, 0x01, 0xC6, 0xFE, 0xA9,
	0x01, 0x28, 0xFE, 0xD8, 0x6F, 0x02, 0x9A, 0x5E, 0xB8, 0x5E, 0xFE, 0xDA,
	0x00, 0x01, 0x00, 0x00, 0xFF, 0xF5, 0x02, 0x6C, 0x02, 0xA6, 0x00, 0x1B,
	0x00, 0x00, 0x01, 0x21, 0x15, 0x06, 0x23, 0x22, 0x27, 0x26, 0x35, 0x34,
	0x37, 0x36, 0x33, 0x32, 0x17, 0x07, 0x26, 0x23, 0x22, 0x07, 0x06, 0x15,
	0x10, 0x33, 0x32, 0x37, 0x35, 0x23, 0x01, 0x4E, 0x01, 0x1E, 0x7A, 0xA2,
	0x98, 0x5C, 0x5C, 0x5A, 0x5A, 0x97, 0xEA, 0x2D, 0x69, 0x23, 0x8C, 0x65,
	0x3A, 0x3A, 0xDB, 0x66, 0x4C, 0xB0, 0x01, 0x5C, 0xFF, 0x68, 0x5E, 0x5D,
	0x9C, 0x9E, 0x5E, 0x5E, 0xC5, 0x18, 0x7F, 0x41, 0x40, 0x70, 0xFE, 0xFD,
	0x40, 0x69, 0x00, 0x00, 0x00, 0x01, 0x00, 0x00, 0x00, 0x00, 0x02, 0x10,
	0x02, 0x9A, 0x00, 0x0B, 0x00, 0x00, 0x11, 0x33, 0x11, 0x21, 0x11, 0x33,
	0x11, 0x23, 0x11, 0x21, 0x11, 0x23, 0x6E, 0x01, 0x34, 0x6E, 0x6E, 0xFE,
	0xCD, 0x6F, 0x02, 0x9A, 0xFE, 0xF4, 0x01, 0x0C, 0xFD, 0x66, 0x01, 0x2F,
	0xFE, 0xD1, 0x00, 0x00, 0x00, 0x01, 0x00, 0x00, 0x00, 0x00, 0x00, 0x6E,
	0x02, 0x9A, 0x00, 0x03, 0x00, 0x00, 0x11, 0x33, 0x11, 0x23, 0x6E, 0x6E,
	0x02, 0x9A, 0xFD, 0x66, 0x00, 0x01, 0x00, 0x00, 0xFF, 0xF5, 0x01, 0x8B,
	0x02, 0x9A, 0x00, 0x10, 0x00, 0x00, 0x25, 0x14, 0x07, 0x06, 0x23, 0x22,
	0x3D, 0x01, 0x37, 0x16, 0x33, 0x32, 0x37, 0x36, 0x35, 0x11, 0x33, 0x01,
	0x8B, 0x3A, 0x32, 0x5E, 0xC1, 0x66, 0x06, 0x56, 0x33, 0x14, 0x14, 0x6E,
	0xE3, 0x87, 0x36, 0x31, 0xCB, 0x05, 0x0C, 0x7D, 0x1E, 0x1E, 0x4C, 0x01,
	0xBE, 0x00, 0x00, 0x00, 0x00, 0x01, 0x00, 0x00, 0x00, 0x00, 0x02, 0x33,
	0x02, 0x9A, 0x00, 0x0B, 0x00, 0x00, 0x13, 0x11, 0x01, 0x33, 0x09, 0x01,
	0x23, 0x03, 0x07, 0x15, 0x23, 0x11, 0x6E, 0x01, 0x21, 0x8B, 0xFE, 0xFB,
	0x01, 0x1E, 0x8B, 0xDE, 0x5C, 0x6E, 0x02, 0x9A, 0xFE, 0xC1, 0x01, 0x3F,
	0xFE, 0xEE, 0xFE, 0x78, 0x01, 0x3D, 0x62, 0xDB, 0x02, 0x9A, 0x00, 0x00,
	0x00, 0x01, 0x00, 0x00, 0x00, 0x00, 0x01, 0xBA, 0x02, 0x9A, 0x00, 0x05,
	0x00, 0x00, 0x11, 0x33, 0x11, 0x21, 0x15, 0x21, 0x6E, 0x01, 0x4C, 0xFE,
	0x46, 0x02, 0x9A, 0xFD, 0xC4, 0x5E, 0x00, 0x00, 0x00, 0x01, 0x00, 0x00,
	0x00, 0x00, 0x02, 0x9F, 0x02, 0x9A, 0x00, 0x0C, 0x00, 0x00, 0x01, 0x11,
	0x23, 0x11, 0x03, 0x23, 0x03, 0x11, 0x23, 0x11, 0x33, 0x1B, 0x01, 0x02,
	0x9F, 0x6A, 0xB4, 0x66, 0xB3, 0x68, 0xB2, 0x9F, 0xA2, 0x02, 0x9A, 0xFD,
	0x66, 0x02, 0x47, 0xFD, 0xB9, 0x02, 0x47, 0xFD, 0xB9, 0x02, 0x9A, 0xFD,
	0xF6, 0x02, 0x0A, 0x00, 0x00, 0x01, 0x00, 0x00, 0x00, 0x00, 0x02, 0x0F,
	0x02, 0x9A, 0x00, 0x10, 0x00, 0x00, 0x11, 0x33, 0x01, 0x17, 0x35, 0x26,
	0x35, 0x03, 0x33, 0x11, 0x23, 0x01, 0x26, 0x27, 0x17, 0x13, 0x23, 0x6D,
	0x01, 0x28, 0x18, 0x04, 0x02, 0x68, 0x6F, 0xFE, 0xC4, 0x02, 0x02, 0x04,
	0x03, 0x67, 0x02, 0x9A, 0xFE, 0x33, 0x29, 0x06, 0x25, 0x25, 0x01, 0xA6,
	0xFD, 0x66, 0x01, 0xE6, 0x05, 0x03, 0x31, 0xFE, 0x43, 0x00, 0x00, 0x00,
	0x00, 0x02, 0x00, 0x00, 0xFF, 0xF5, 0x02, 0x82, 0x02, 0xA6, 0x00, 0x0D,
	0x00, 0x1D, 0x00, 0x00, 0x36, 0x17, 0x16, 0x33, 0x32, 0x37, 0x36, 0x35,
	0x34, 0x23, 0x22, 0x07, 0x06, 0x15, 0x26, 0x37, 0x36, 0x33, 0x32, 0x17,
	0x16, 0x15, 0x14, 0x07, 0x06, 0x23, 0x22, 0x27, 0x26, 0x35, 0x72, 0x38,
	0x37, 0x61, 0x5F, 0x38, 0x38, 0xD0, 0x61, 0x37, 0x37, 0x72, 0x58, 0x58,
	0x92, 0x91, 0x58, 0x57, 0x57, 0x57, 0x94, 0x92, 0x57, 0x57, 0xD9, 0x43,
	0x44, 0x44, 0x43, 0x72, 0xFC, 0x42, 0x42, 0x75, 0x9D, 0x5E, 0x5D, 0x5E,
	0x5E, 0x9D, 0x9E, 0x5D, 0x5D, 0x5E, 0x5E, 0x9F, 0x00, 0x02, 0x00, 0x00,
	0x00, 0x00, 0x01, 0xFE, 0x02, 0x9A, 0x00, 0x0A, 0x00, 0x17, 0x00, 0x00,
	0x13, 0x32, 0x37, 0x36, 0x35, 0x34, 0x27, 0x26, 0x2B, 0x01, 0x15, 0x03,
	0x33, 0x32, 0x17, 0x16, 0x15, 0x14, 0x07, 0x06, 0x2B, 0x01, 0x11, 0x23,
	0xEC, 0x4E, 0x22, 0x30, 0x31, 0x21, 0x53, 0x79, 0x6E, 0xEB, 0x88, 0x32,
	0x59, 0x8A, 0x30, 0x52, 0x83, 0x6F, 0x01, 0x64, 0x14, 0x1A, 0x3F, 0x43,
	0x17, 0x11, 0xD8, 0x01, 0x36, 0x1C, 0x34, 0x77, 0x9C, 0x25, 0x0D, 0xFE,
	0xFB, 0x00, 0x00, 0x00, 0x00, 0x02, 0x00, 0x00, 0xFF, 0xC6, 0x02, 0x94,
	0x02, 0xA6, 0x00, 0x14, 0x00, 0x2D, 0x00, 0x00, 0x25, 0x16, 0x17, 0x36,
	0x35, 0x34, 0x27, 0x26, 0x23, 0x22, 0x07, 0x06, 0x15, 0x14, 0x17, 0x16,
	0x33, 0x32, 0x37, 0x26, 0x27, 0x16, 0x23, 0x22, 0x27, 0x26, 0x35, 0x34,
	0x37, 0x36, 0x33, 0x32, 0x17, 0x16, 0x15, 0x14, 0x07, 0x16, 0x17, 0x07,
	0x26, 0x27, 0x26, 0x27, 0x26, 0x27, 0x01, 0x50, 0x48, 0x36, 0x42, 0x37,
	0x37, 0x61, 0x61, 0x38, 0x37, 0x37, 0x37, 0x5F, 0x28, 0x22, 0x27, 0x2E,
	0x64, 0x57, 0x92, 0x57, 0x57, 0x57, 0x57, 0x93, 0x92, 0x57, 0x57, 0x5B,
	0x37, 0x37, 0x25, 0x27, 0x12, 0x15, 0x35, 0x03, 0x0C, 0xCD, 0x17, 0x2B,
	0x42, 0x7B, 0x78, 0x44, 0x43, 0x42, 0x43, 0x75, 0x75, 0x43, 0x44, 0x0D,
	0x1C, 0x0C, 0x91, 0x5D, 0x5E, 0x9D, 0x9E, 0x5D, 0x5E, 0x5E, 0x5D, 0x9E,
	0x95, 0x6B, 0x26, 0x15, 0x4C, 0x0E, 0x0A, 0x0B, 0x24, 0x03, 0x07, 0x00,
	0x00, 0x02, 0x00, 0x00, 0x00, 0x00, 0x02, 0x52, 0x02, 0x9A, 0x00, 0x08,
	0x00, 0x1E, 0x00, 0x00, 0x01, 0x32, 0x37, 0x36, 0x35, 0x34, 0x2B, 0x01,
	0x15, 0x03, 0x21, 0x32, 0x17, 0x16, 0x15, 0x14, 0x07, 0x16, 0x1F, 0x01,
	0x23, 0x27, 0x26, 0x27, 0x26, 0x27, 0x26, 0x2B, 0x01, 0x11, 0x23, 0x01,
	0x02, 0x58, 0x24, 0x2C, 0x9A, 0xA2, 0x6E, 0x01, 0x22, 0x77, 0x2F, 0x53,
	0xB6, 0x47, 0x42, 0x64, 0x86, 0x5D, 0x2C, 0x17, 0x15, 0x17, 0x19, 0x36,
	0x42, 0x6F, 0x01, 0x7A, 0x13, 0x17, 0x39, 0x61, 0xC4, 0x01, 0x20, 0x1C,
	0x30, 0x6C, 0x9D, 0x1A, 0x26, 0x68, 0x9D, 0x8D, 0x44, 0x1B, 0x19, 0x0C,
	0x0E, 0xFE, 0xE1, 0x00, 0x00, 0x01, 0x00, 0x00, 0xFF, 0xF5, 0x02, 0x18,
	0x02, 0xA6, 0x00, 0x25, 0x00, 0x00, 0x37, 0x16, 0x33, 0x32, 0x35, 0x34,
	0x27, 0x26, 0x27, 0x26, 0x27, 0x26, 0x35, 0x34, 0x37, 0x36, 0x33, 0x32,
	0x17, 0x07, 0x26, 0x23, 0x22, 0x15, 0x14, 0x17, 0x16, 0x17, 0x16, 0x17,
	0x16, 0x15, 0x14, 0x07, 0x06, 0x23, 0x20, 0x27, 0x6A, 0x12, 0x99, 0x96,
	0x1C, 0x1C, 0x6B, 0x82, 0x30, 0x3D, 0x41, 0x41, 0x6B, 0xF6, 0x08, 0x6C,
	0x0E, 0x81, 0x87, 0x20, 0x21, 0x5A, 0x86, 0x33, 0x42, 0x46, 0x46, 0x79,
	0xFE, 0xFD, 0x10, 0xE1, 0x8E, 0x68, 0x27, 0x14, 0x16, 0x1A, 0x21, 0x25,
	0x32, 0x4F, 0x53, 0x33, 0x33, 0xC9, 0x06, 0x71, 0x54, 0x24, 0x14, 0x15,
	0x14, 0x1F, 0x28, 0x32, 0x58, 0x5F, 0x37, 0x37, 0xE2, 0x00, 0x00, 0x00,
	0x00, 0x01, 0x00, 0x00, 0x00, 0x00, 0x02, 0x11, 0x02, 0x9A, 0x00, 0x07,
	0x00, 0x00, 0x13, 0x23, 0x35, 0x21, 0x15, 0x23, 0x11, 0x23, 0xD1, 0xD1,
	0x02, 0x11, 0xD1, 0x6F, 0x02, 0x3C, 0x5E, 0x5E, 0xFD, 0xC4, 0x00, 0x00,
	0x00, 0x01, 0x00, 0x00, 0xFF, 0xF5, 0x02, 0x10, 0x02, 0x9A, 0x00, 0x17,
	0x00, 0x00, 0x13, 0x11, 0x14, 0x17, 0x16, 0x33, 0x32, 0x37, 0x36, 0x35,
	0x11, 0x33, 0x11, 0x14, 0x07, 0x06, 0x07, 0x06, 0x23, 0x22, 0x27, 0x26,
	0x35, 0x11, 0x6E, 0x15, 0x23, 0x62, 0x64, 0x20, 0x16, 0x6E, 0x23, 0x18,
	0x2F, 0x3D, 0x60, 0xAC, 0x3B, 0x22, 0x02, 0x9A, 0xFE, 0x8B, 0x6A, 0x28,
	0x3F, 0x3C, 0x2C, 0x65, 0x01, 0x79, 0xFE, 0x90, 0x8C, 0x41, 0x2C, 0x1B,
	0x21, 0x68, 0x3C, 0x8E, 0x01, 0x73, 0x00, 0x00, 0x00, 0x01, 0x00, 0x00,
	0x00, 0x00, 0x02, 0x66, 0x02, 0x9A, 0x00, 0x09, 0x00, 0x00, 0x01, 0x03,
	0x23, 0x03, 0x33, 0x13, 0x16, 0x17, 0x37, 0x13, 0x02, 0x66, 0xFA, 0x73,
	0xF9, 0x77, 0xAB, 0x0D, 0x05, 0x13, 0xAD, 0x02, 0x9A, 0xFD, 0x66, 0x02,
	0x9A, 0xFE, 0x18, 0x25, 0x15, 0x3A, 0x01, 0xE8, 0x00, 0x01, 0x00, 0x00,
	0x00, 0x00, 0x03, 0x62, 0x02, 0x9A, 0x00, 0x17, 0x00, 0x00, 0x33, 0x03,
	0x33, 0x13, 0x16, 0x1F, 0x01, 0x36, 0x37, 0x13, 0x33, 0x13, 0x16, 0x17,
	0x37, 0x36, 0x37, 0x13, 0x33, 0x03, 0x23, 0x03, 0x07, 0x03, 0xA9, 0xA9,
	0x71, 0x65, 0x06, 0x03, 0x06, 0x05, 0x0B, 0x7C, 0x84, 0x6A, 0x14, 0x07,
	0x05, 0x01, 0x03, 0x70, 0x6F, 0xAD, 0x70, 0x95, 0x01, 0x92, 0x02, 0x9A,
	0xFE, 0x41, 0x18, 0x11, 0x1F, 0x1B, 0x27, 0x01, 0xC5, 0xFE, 0x72, 0x4E,
	0x2F, 0x16, 0x09, 0x09, 0x01, 0xE3, 0xFD, 0x66, 0x02, 0x21, 0x08, 0xFD,
	0xE7, 0x00, 0x00, 0x00, 0x00, 0x01, 0x00, 0x00, 0x00, 0x00, 0x02, 0x67,
	0x02, 0x9A, 0x00, 0x16, 0x00, 0x00, 0x31, 0x13, 0x03, 0x33, 0x17, 0x16,
	0x17, 0x36, 0x3F, 0x01, 0x33, 0x03, 0x13, 0x23, 0x27, 0x26, 0x35, 0x34,
	0x2F, 0x01, 0x06, 0x0F, 0x01, 0xF4, 0xDA, 0x82, 0x8D, 0x09, 0x05, 0x09,
	0x12, 0x86, 0x7C, 0xDE, 0xF1, 0x86, 0xA8, 0x02, 0x01, 0x03, 0x09, 0x08,
	0x9E, 0x01, 0x5B, 0x01, 0x3F, 0xD5, 0x0C, 0x0A, 0x0F, 0x1A, 0xC2, 0xFE,
	0xC2, 0xFE, 0xA4, 0xF8, 0x02, 0x01, 0x02, 0x02, 0x03, 0x10, 0x0B, 0xE7,
	0x00, 0x01, 0x00, 0x00, 0x00, 0x00, 0x02, 0x69, 0x02, 0x9A, 0x00, 0x08,
	0x00, 0x00, 0x09, 0x01, 0x11, 0x23, 0x11, 0x03, 0x33, 0x1B, 0x01, 0x02,
	0x69, 0xFF, 0x00, 0x6E, 0xFB, 0x83, 0xB4, 0xB3, 0x02, 0x9A, 0xFE, 0x7F,
	0xFE, 0xE7, 0x01, 0x19, 0x01, 0x81, 0xFE, 0xDF, 0x01, 0x21, 0x00, 0x00,
	0x00, 0x01, 0x00, 0x00, 0x00, 0x00, 0x02, 0x16, 0x02, 0x9A, 0x00, 0x0C,
	0x00, 0x00, 0x35, 0x01, 0x36, 0x37, 0x21, 0x35, 0x21, 0x15, 0x01, 0x07,
	0x21, 0x15, 0x21, 0x01, 0x5A, 0x0F, 0x15, 0xFE, 0xA9, 0x01, 0xE2, 0xFE,
	0x8F, 0x15, 0x01, 0x93, 0xFD, 0xEA, 0x64, 0x01, 0xAE, 0x14, 0x16, 0x5E,
	0x5A, 0xFE, 0x37, 0x18, 0x5F, 0x00, 0x00, 0x00, 0x00, 0x01, 0x00, 0x00,
	0xFF, 0x46, 0x00, 0xCA, 0x02, 0x9B, 0x00, 0x07, 0x00, 0x00, 0x11, 0x33,
	0x15, 0x23, 0x11, 0x33, 0x15, 0x23, 0xCA, 0x65, 0x65, 0xCA, 0x02, 0x9B,
	0x53, 0xFD, 0x51, 0x53, 0x00, 0x01, 0x00, 0x00, 0xFF, 0x3D, 0x01, 0x05,
	0x02, 0xA4, 0x00, 0x03, 0x00, 0x00, 0x17, 0x03, 0x33, 0x13, 0xB7, 0xB7,
	0x4E, 0xB7, 0xC3, 0x03, 0x67, 0xFC, 0x99, 0x00, 0x00, 0x01, 0x00, 0x00,
	0xFF, 0x45, 0x00, 0xCA, 0x02, 0x9A, 0x00, 0x07, 0x00, 0x00, 0x17, 0x23,
	0x35, 0x33, 0x11, 0x23, 0x35, 0x33, 0xCA, 0xCA, 0x65, 0x65, 0xCA, 0xBB,
	0x53, 0x02, 0xAF, 0x53, 0x00, 0x01, 0x00, 0x00, 0x01, 0x7A, 0x01, 0xCC,
	0x02, 0x9A, 0x00, 0x06, 0x00, 0x00, 0x11, 0x13, 0x33, 0x13, 0x23, 0x27,
	0x07, 0xC0, 0x4C, 0xC0, 0x49, 0x9E, 0x9C, 0x01, 0x7A, 0x01, 0x20, 0xFE,
	0xE0, 0xE6, 0xE6, 0x00, 0x00, 0x01, 0x00, 0x00, 0xFF, 0x6A, 0x01, 0xF4,
	0xFF, 0xB5, 0x00, 0x03, 0x00, 0x00, 0x05, 0x21, 0x35, 0x21, 0x01, 0xF4,
	0xFE, 0x0C, 0x01, 0xF4, 0x96, 0x4B, 0x00, 0x00, 0x00, 0x01, 0x00, 0x00,
	0x01, 0xAE, 0x00, 0x73, 0x02, 0xA3, 0x00, 0x08, 0x00, 0x00, 0x13, 0x23,
	0x35, 0x34, 0x37, 0x17, 0x06, 0x07, 0x33, 0x6A, 0x6A, 0x5D, 0x16, 0x3B,
	0x01, 0x33, 0x01, 0xAE, 0x52, 0x7E, 0x25, 0x29, 0x19, 0x45, 0x00, 0x00,
	0x00, 0x02, 0x00, 0x00, 0xFF, 0xF6, 0x01, 0xC1, 0x01, 0xED, 0x00, 0x0C,
	0x00, 0x28, 0x00, 0x00, 0x25, 0x06, 0x07, 0x06, 0x07, 0x06, 0x15, 0x14,
	0x33, 0x32, 0x37, 0x36, 0x35, 0x25, 0x36, 0x33, 0x32, 0x17, 0x16, 0x15,
	0x07, 0x14, 0x17, 0x23, 0x26, 0x27, 0x06, 0x23, 0x22, 0x35, 0x34, 0x37,
	0x36, 0x37, 0x36, 0x37, 0x35, 0x34, 0x23, 0x22, 0x07, 0x01, 0x3F, 0x1B,
	0x11, 0x14, 0x33, 0x62, 0x56, 0x4D, 0x22, 0x10, 0xFE, 0xCF, 0x2F, 0xA8,
	0x86, 0x29, 0x12, 0x01, 0x1C, 0x68, 0x0D, 0x05, 0x48, 0x5A, 0xA5, 0x5F,
	0x21, 0x38, 0x62, 0x25, 0x5E, 0x5D, 0x15, 0xED, 0x0A, 0x04, 0x05, 0x08,
	0x11, 0x39, 0x47, 0x3A, 0x1B, 0x37, 0x93, 0x8D, 0x47, 0x1F, 0x51, 0xAD,
	0x57, 0x32, 0x1C, 0x1C, 0x42, 0x8B, 0x5C, 0x26, 0x0C, 0x0A, 0x0F, 0x0E,
	0x0B, 0x5B, 0x4E, 0x00, 0x00, 0x02, 0x00, 0x00, 0xFF, 0xF6, 0x01, 0xBB,
	0x02, 0x9A, 0x00, 0x07, 0x00, 0x18, 0x00, 0x00, 0x36, 0x33, 0x32, 0x35,
	0x34, 0x23, 0x22, 0x15, 0x07, 0x11, 0x33, 0x15, 0x36, 0x33, 0x32, 0x17,
	0x16, 0x15, 0x14, 0x07, 0x06, 0x23, 0x22, 0x27, 0x15, 0x63, 0x78, 0x76,
	0x76, 0x78, 0x63, 0x67, 0x37, 0x51, 0x5D, 0x38, 0x37, 0x39, 0x39, 0x5A,
	0x5C, 0x33, 0x48, 0xA6, 0xAE, 0xB0, 0xEC, 0x02, 0x9A, 0xEE, 0x41, 0x44,
	0x43, 0x71, 0x71, 0x47, 0x47, 0x4B, 0x41, 0x00, 0x00, 0x01, 0x00, 0x00,
	0xFF, 0xF6, 0x01, 0xB5, 0x01, 0xED, 0x00, 0x15, 0x00, 0x00, 0x01, 0x26,
	0x23, 0x22, 0x15, 0x14, 0x33, 0x32, 0x37, 0x17, 0x06, 0x23, 0x22, 0x27,
	0x26, 0x35, 0x34, 0x37, 0x36, 0x33, 0x32, 0x17, 0x01, 0x4C, 0x16, 0x51,
	0x7B, 0x79, 0x5C, 0x10, 0x66, 0x1E, 0xB6, 0x69, 0x3C, 0x3C, 0x3C, 0x3D,
	0x6B, 0xAB, 0x22, 0x01, 0x3A, 0x5F, 0xA3, 0xAD, 0x6B, 0x0F, 0xAF, 0x43,
	0x42, 0x76, 0x77, 0x42, 0x43, 0xA3, 0x00, 0x00, 0x00, 0x02, 0x00, 0x00,
	0xFF, 0xF6, 0x01, 0xBC, 0x02, 0x9A, 0x00, 0x07, 0x00, 0x18, 0x00, 0x00,
	0x12, 0x15, 0x14, 0x33, 0x32, 0x35, 0x34, 0x23, 0x13, 0x23, 0x35, 0x06,
	0x23, 0x22, 0x27, 0x26, 0x35, 0x34, 0x37, 0x36, 0x33, 0x32, 0x17, 0x35,
	0x33, 0x6A, 0x78, 0x77, 0x76, 0xD9, 0x60, 0x33, 0x5D, 0x59, 0x3A, 0x39,
	0x37, 0x37, 0x5C, 0x57, 0x34, 0x67, 0x01, 0x9C, 0xA6, 0xAE, 0xA2, 0xB2,
	0xFE, 0x64, 0x41, 0x4B, 0x46, 0x46, 0x6E, 0x74, 0x45, 0x44, 0x42, 0xEF,
	0x00, 0x02, 0x00, 0x00, 0xFF, 0xF6, 0x01, 0xC1, 0x01, 0xED, 0x00, 0x04,
	0x00, 0x1B, 0x00, 0x00, 0x01, 0x26, 0x23, 0x22, 0x0F, 0x01, 0x16, 0x33,
	0x32, 0x37, 0x17, 0x06, 0x23, 0x22, 0x27, 0x26, 0x35, 0x34, 0x37, 0x36,
	0x33, 0x32, 0x17, 0x16, 0x15, 0x06, 0x1D, 0x01, 0x01, 0x57, 0x08, 0x6C,
	0x67, 0x0F, 0x02, 0x05, 0x79, 0x4D, 0x1D, 0x69, 0x2C, 0xA9, 0x6C, 0x3D,
	0x3E, 0x3D, 0x3D, 0x65, 0x6A, 0x3C, 0x3C, 0x01, 0x01, 0x1D, 0x7F, 0x7F,
	0x48, 0x90, 0x55, 0x0F, 0x95, 0x42, 0x41, 0x75, 0x74, 0x46, 0x45, 0x45,
	0x46, 0x7A, 0x03, 0x05, 0x0B, 0x00, 0x00, 0x00, 0x00, 0x01, 0x00, 0x00,
	0x00, 0x00, 0x01, 0x2F, 0x02, 0xA6, 0x00, 0x15, 0x00, 0x00, 0x01, 0x15,
	0x07, 0x11, 0x23, 0x11, 0x23, 0x35, 0x33, 0x35, 0x34, 0x37, 0x36, 0x33,
	0x32, 0x17, 0x07, 0x26, 0x23, 0x22, 0x1D, 0x01, 0x01, 0x0D, 0x5F, 0x67,
	0x47, 0x47, 0x13, 0x22, 0x58, 0x26, 0x35, 0x0F, 0x1E, 0x1A, 0x3A, 0x01,
	0xE2, 0x50, 0x01, 0xFE, 0x6F, 0x01, 0x91, 0x51, 0x2D, 0x42, 0x1E, 0x37,
	0x0C, 0x50, 0x05, 0x45, 0x28, 0x00, 0x00, 0x00, 0x00, 0x02, 0x00, 0x00,
	0xFF, 0x3D, 0x01, 0xBF, 0x01, 0xED, 0x00, 0x07, 0x00, 0x27, 0x00, 0x00,
	0x12, 0x15, 0x14, 0x33, 0x32, 0x35, 0x34, 0x23, 0x03, 0x16, 0x33, 0x32,
	0x37, 0x36, 0x3D, 0x01, 0x06, 0x23, 0x22, 0x27, 0x26, 0x35, 0x34, 0x37,
	0x36, 0x33, 0x32, 0x17, 0x35, 0x33, 0x11, 0x14, 0x07, 0x06, 0x23, 0x22,
	0x27, 0x26, 0x35, 0x37, 0x6A, 0x77, 0x7B, 0x7B, 0x61, 0x09, 0x51, 0x47,
	0x1B, 0x1B, 0x38, 0x55, 0x59, 0x38, 0x39, 0x39, 0x38, 0x5D, 0x58, 0x39,
	0x60, 0x39, 0x37, 0x68, 0x93, 0x31, 0x13, 0x01, 0x01, 0x9C, 0xA6, 0xA2,
	0x9A, 0xAE, 0xFE, 0x32, 0x40, 0x1E, 0x1E, 0x4D, 0x2F, 0x46, 0x44, 0x45,
	0x6B, 0x71, 0x44, 0x44, 0x49, 0x3E, 0xFE, 0x58, 0x95, 0x34, 0x34, 0x50,
	0x22, 0x23, 0x0A, 0x00, 0x00, 0x01, 0x00, 0x00, 0x00, 0x00, 0x01, 0x9F,
	0x02, 0x9A, 0x00, 0x13, 0x00, 0x00, 0x11, 0x33, 0x15, 0x36, 0x33, 0x32,
	0x17, 0x16, 0x15, 0x11, 0x23, 0x11, 0x34, 0x23, 0x22, 0x07, 0x06, 0x1D,
	0x01, 0x23, 0x67, 0x3B, 0x59, 0x63, 0x27, 0x1A, 0x67, 0x5C, 0x42, 0x1F,
	0x14, 0x67, 0x02, 0x9A, 0xF2, 0x45, 0x40, 0x2A, 0x5C, 0xFE, 0xD9, 0x01,
	0x1A, 0x80, 0x33, 0x24, 0x46, 0xFD, 0x00, 0x00, 0x00, 0x02, 0x00, 0x00,
	0x00, 0x00, 0x00, 0x67, 0x02, 0x9A, 0x00, 0x03, 0x00, 0x07, 0x00, 0x00,
	0x11, 0x33, 0x15, 0x23, 0x15, 0x33, 0x11, 0x23, 0x67, 0x67, 0x67, 0x67,
	0x02, 0x9A, 0x69, 0x4F, 0xFE, 0x1E, 0x00, 0x00, 0x00, 0x02, 0x00, 0x00,
	0xFF, 0x3D, 0x00, 0xCF, 0x02, 0x9A, 0x00, 0x03, 0x00, 0x12, 0x00, 0x00,
	0x13, 0x33, 0x15, 0x23, 0x03, 0x16, 0x33, 0x32, 0x3F, 0x01, 0x11, 0x33,
	0x11, 0x14, 0x07, 0x06, 0x23, 0x22, 0x27, 0x68, 0x67, 0x67, 0x55, 0x14,
	0x0F, 0x30, 0x01, 0x01, 0x67, 0x15, 0x19, 0x50, 0x26, 0x2B, 0x02, 0x9A,
	0x6A, 0xFD, 0x70, 0x06, 0x3E, 0x26, 0x01, 0xE5, 0xFE, 0x19, 0x65, 0x27,
	0x33, 0x0A, 0x00, 0x00, 0x00, 0x01, 0x00, 0x00, 0x00, 0x00, 0x01, 0xA6,
	0x02, 0x9A, 0x00, 0x0B, 0x00, 0x00, 0x11, 0x33, 0x11, 0x37, 0x33, 0x07,
	0x13, 0x23, 0x27, 0x07, 0x15, 0x23, 0x67, 0xAD, 0x82, 0xAF, 0xBF, 0x76,
	0x8E, 0x3B, 0x67, 0x02, 0x9A, 0xFE, 0x91, 0xB7, 0xB1, 0xFE, 0xCF, 0xE8,
	0x3A, 0xAE, 0x00, 0x00, 0x00, 0x01, 0x00, 0x00, 0x00, 0x00, 0x00, 0x68,
	0x02, 0x9A, 0x00, 0x03, 0x00, 0x00, 0x11, 0x33, 0x11, 0x23, 0x68, 0x68,
	0x02, 0x9A, 0xFD, 0x66, 0x00, 0x01, 0x00, 0x00, 0x00, 0x00, 0x02, 0xA9,
	0x01, 0xED, 0x00, 0x1E, 0x00, 0x00, 0x11, 0x33, 0x15, 0x36, 0x33, 0x32,
	0x17, 0x36, 0x33, 0x32, 0x17, 0x16, 0x15, 0x11, 0x23, 0x11, 0x26, 0x23,
	0x22, 0x15, 0x11, 0x23, 0x11, 0x26, 0x23, 0x22, 0x07, 0x06, 0x1D, 0x01,
	0x23, 0x5E, 0x37, 0x5F, 0x65, 0x22, 0x3B, 0x5D, 0x5C, 0x24, 0x16, 0x67,
	0x01, 0x4D, 0x6B, 0x67, 0x01, 0x4C, 0x3F, 0x1A, 0x14, 0x68, 0x01, 0xE2,
	0x42, 0x4D, 0x50, 0x50, 0x42, 0x28, 0x43, 0xFE, 0xC0, 0x01, 0x23, 0x77,
	0x99, 0xFE, 0xFF, 0x01, 0x22, 0x78, 0x30, 0x24, 0x53, 0xF3, 0x00, 0x00,
	0x00, 0x01, 0x00, 0x00, 0x00, 0x00, 0x01, 0x9F, 0x01, 0xED, 0x00, 0x15,
	0x00, 0x00, 0x11, 0x33, 0x15, 0x36, 0x33, 0x32, 0x17, 0x16, 0x17, 0x16,
	0x15, 0x11, 0x23, 0x11, 0x34, 0x23, 0x22, 0x07, 0x06, 0x1D, 0x01, 0x23,
	0x5F, 0x38, 0x66, 0x64, 0x27, 0x10, 0x04, 0x03, 0x67, 0x5C, 0x44, 0x1D,
	0x14, 0x67, 0x01, 0xE2, 0x45, 0x50, 0x45, 0x1E, 0x14, 0x15, 0x48, 0xFE,
	0xE7, 0x01, 0x0F, 0x8B, 0x36, 0x25, 0x4D, 0xF2, 0x00, 0x02, 0x00, 0x00,
	0xFF, 0xF6, 0x01, 0xDA, 0x01, 0xED, 0x00, 0x09, 0x00, 0x19, 0x00, 0x00,
	0x36, 0x33, 0x32, 0x37, 0x36, 0x35, 0x34, 0x23, 0x22, 0x15, 0x26, 0x37,
	0x36, 0x33, 0x32, 0x17, 0x16, 0x15, 0x14, 0x07, 0x06, 0x23, 0x22, 0x27,
	0x26, 0x35, 0x6A, 0x83, 0x3B, 0x24, 0x24, 0x83, 0x83, 0x6A, 0x41, 0x40,
	0x6C, 0x6A, 0x42, 0x41, 0x42, 0x41, 0x6A, 0x6B, 0x41, 0x41, 0x49, 0x2E,
	0x2D, 0x4B, 0xAA, 0xA8, 0x70, 0x46, 0x46, 0x45, 0x45, 0x71, 0x71, 0x46,
	0x45, 0x43, 0x43, 0x6F, 0x00, 0x02, 0x00, 0x00, 0xFF, 0x48, 0x01, 0xBB,
	0x01, 0xED, 0x00, 0x07, 0x00, 0x18, 0x00, 0x00, 0x36, 0x33, 0x32, 0x35,
	0x34, 0x23, 0x22, 0x15, 0x27, 0x33, 0x15, 0x36, 0x33, 0x32, 0x17, 0x16,
	0x15, 0x14, 0x07, 0x06, 0x23, 0x22, 0x27, 0x15, 0x23, 0x62, 0x78, 0x78,
	0x76, 0x7A, 0x62, 0x5F, 0x36, 0x5B, 0x5B, 0x38, 0x38, 0x39, 0x39, 0x5B,
	0x50, 0x37, 0x67, 0x48, 0xAC, 0xA8, 0xB1, 0xF8, 0x42, 0x4C, 0x44, 0x44,
	0x70, 0x72, 0x46, 0x47, 0x40, 0xEE, 0x00, 0x00, 0x00, 0x02, 0x00, 0x00,
	0xFF, 0x48, 0x01, 0xBA, 0x01, 0xED, 0x00, 0x07, 0x00, 0x18, 0x00, 0x00,
	0x00, 0x23, 0x22, 0x15, 0x14, 0x33, 0x32, 0x35, 0x03, 0x35, 0x06, 0x23,
	0x26, 0x27, 0x26, 0x35, 0x34, 0x37, 0x36, 0x33, 0x32, 0x17, 0x35, 0x33,
	0x11, 0x01, 0x59, 0x78, 0x77, 0x77, 0x78, 0x06, 0x30, 0x58, 0x59, 0x39,
	0x39, 0x38, 0x37, 0x5C, 0x5C, 0x35, 0x5E, 0x01, 0x9C, 0xA5, 0xAF, 0xAF,
	0xFE, 0x51, 0xEE, 0x41, 0x01, 0x47, 0x48, 0x70, 0x70, 0x44, 0x44, 0x4E,
	0x43, 0xFD, 0x66, 0x00, 0x00, 0x01, 0x00, 0x00, 0x00, 0x00, 0x01, 0x1E,
	0x01, 0xED, 0x00, 0x0D, 0x00, 0x00, 0x13, 0x26, 0x23, 0x22, 0x1D, 0x01,
	0x23, 0x11, 0x33, 0x15, 0x36, 0x33, 0x32, 0x17, 0xFC, 0x20, 0x1E, 0x57,
	0x67, 0x5F, 0x2C, 0x3D, 0x29, 0x2D, 0x01, 0x78, 0x13, 0xBF, 0xCC, 0x01,
	0xE2, 0x47, 0x52, 0x19, 0x00, 0x01, 0x00, 0x00, 0xFF, 0xF6, 0x01, 0xA9,
	0x01, 0xED, 0x00, 0x23, 0x00, 0x00, 0x01, 0x26, 0x23, 0x22, 0x15, 0x14,
	0x17, 0x16, 0x17, 0x16, 0x17, 0x16, 0x15, 0x14, 0x07, 0x06, 0x23, 0x22,
	0x27, 0x37, 0x16, 0x33, 0x32, 0x35, 0x34, 0x27, 0x26, 0x27, 0x26, 0x35,
	0x34, 0x37, 0x36, 0x33, 0x32, 0x17, 0x01, 0x34, 0x0C, 0x59, 0x5D, 0x17,
	0x16, 0x44, 0x75, 0x26, 0x2B, 0x39, 0x39, 0x5D, 0xBC, 0x1E, 0x67, 0x0F,
	0x62, 0x68, 0x43, 0x95, 0x2C, 0x2C, 0x32, 0x32, 0x51, 0xB9, 0x19, 0x01,
	0x59, 0x45, 0x33, 0x16, 0x0D, 0x0D, 0x10, 0x1A, 0x1F, 0x23, 0x3B, 0x48,
	0x2B, 0x2B, 0x97, 0x10, 0x59, 0x42, 0x26, 0x0E, 0x22, 0x22, 0x23, 0x3D,
	0x40, 0x27, 0x28, 0x84, 0x00, 0x01, 0x00, 0x00, 0xFF, 0xF8, 0x01, 0x02,
	0x02, 0x8C, 0x00, 0x17, 0x00, 0x00, 0x13, 0x33, 0x15, 0x23, 0x15, 0x06,
	0x17, 0x16, 0x33, 0x32, 0x37, 0x17, 0x06, 0x23, 0x22, 0x27, 0x26, 0x3D,
	0x01, 0x23, 0x35, 0x33, 0x35, 0x37, 0xA2, 0x55, 0x54, 0x01, 0x07, 0x07,
	0x18, 0x14, 0x1A, 0x0C, 0x25, 0x27, 0x55, 0x16, 0x10, 0x3B, 0x3B, 0x67,
	0x01, 0xE3, 0x51, 0xF0, 0x34, 0x0F, 0x0F, 0x09, 0x55, 0x0C, 0x2C, 0x20,
	0x57, 0xF6, 0x51, 0x6D, 0x3D, 0x00, 0x00, 0x00, 0x00, 0x01, 0x00, 0x00,
	0xFF, 0xF6, 0x01, 0x9E, 0x01, 0xE2, 0x00, 0x13, 0x00, 0x00, 0x21, 0x27,
	0x06, 0x23, 0x22, 0x27, 0x26, 0x35, 0x11, 0x33, 0x11, 0x14, 0x33, 0x32,
	0x37, 0x36, 0x3D, 0x01, 0x33, 0x11, 0x01, 0x40, 0x01, 0x37, 0x66, 0x64,
	0x27, 0x17, 0x68, 0x5B, 0x44, 0x1D, 0x13, 0x67, 0x47, 0x51, 0x43, 0x2A,
	0x51, 0x01, 0x2E, 0xFE, 0xEF, 0x89, 0x35, 0x23, 0x59, 0xE9, 0xFE, 0x1E,
	0x00, 0x01, 0x00, 0x00, 0x00, 0x00, 0x01, 0xD7, 0x01, 0xE2, 0x00, 0x09,
	0x00, 0x00, 0x01, 0x03, 0x23, 0x03, 0x33, 0x13, 0x17, 0x36, 0x37, 0x13,
	0x01, 0xD7, 0xBB, 0x5E, 0xBE, 0x6D, 0x62, 0x1D, 0x0F, 0x0D, 0x64, 0x01,
	0xE2, 0xFE, 0x1E, 0x01, 0xE2, 0xFE, 0xF3, 0x59, 0x35, 0x21, 0x01, 0x10,
	0x00, 0x01, 0x00, 0x00, 0x00, 0x00, 0x02, 0xB1, 0x01, 0xE2, 0x00, 0x0F,
	0x00, 0x00, 0x33, 0x03, 0x33, 0x1B, 0x01, 0x33, 0x13, 0x36, 0x37, 0x13,
	0x33, 0x03, 0x23, 0x03, 0x07, 0x03, 0x96, 0x96, 0x67, 0x62, 0x5E, 0x66,
	0x59, 0x06, 0x09, 0x57, 0x65, 0x99, 0x66, 0x5C, 0x0B, 0x4D, 0x01, 0xE2,
	0xFE, 0xA1, 0x01, 0x5F, 0xFE, 0xA1, 0x19, 0x1E, 0x01, 0x28, 0xFE, 0x1E,
	0x01, 0x58, 0x2F, 0xFE, 0xD7, 0x00, 0x00, 0x00, 0x00, 0x01, 0x00, 0x00,
	0x00, 0x00, 0x01, 0xDC, 0x01, 0xE2, 0x00, 0x0D, 0x00, 0x00, 0x31, 0x37,
	0x27, 0x33, 0x1F, 0x02, 0x37, 0x33, 0x07, 0x17, 0x23, 0x27, 0x07, 0xAF,
	0xA5, 0x80, 0x5A, 0x04, 0x03, 0x69, 0x7B, 0xA6, 0xB3, 0x7F, 0x70, 0x72,
	0xFA, 0xE8, 0x8B, 0x09, 0x03, 0x97, 0xE3, 0xFF, 0xAC, 0xAC, 0x00, 0x00,
	0x00, 0x01, 0x00, 0x00, 0xFF, 0x3D, 0x01, 0xD3, 0x01, 0xE2, 0x00, 0x12,
	0x00, 0x00, 0x1B, 0x02, 0x33, 0x03, 0x06, 0x07, 0x06, 0x23, 0x22, 0x27,
	0x23, 0x27, 0x16, 0x33, 0x32, 0x3F, 0x01, 0x03, 0x6E, 0x7E, 0x7E, 0x69,
	0xC3, 0x1D, 0x1C, 0x26, 0x42, 0x23, 0x1F, 0x02, 0x0B, 0x1C, 0x18, 0x40,
	0x21, 0x02, 0xB7, 0x01, 0xE2, 0xFE, 0x98, 0x01, 0x68, 0xFD, 0xF0, 0x4E,
	0x1E, 0x29, 0x08, 0x58, 0x07, 0x63, 0x06, 0x01, 0xE3, 0x00, 0x00, 0x00,
	0x00, 0x01, 0x00, 0x00, 0x00, 0x00, 0x01, 0xAD, 0x01, 0xE2, 0x00, 0x13,
	0x00, 0x00, 0x35, 0x13, 0x37, 0x36, 0x3F, 0x01, 0x06, 0x2B, 0x01, 0x35,
	0x21, 0x15, 0x03, 0x06, 0x07, 0x36, 0x3B, 0x01, 0x15, 0x21, 0xF8, 0x18,
	0x01, 0x02, 0x04, 0x27, 0x26, 0xB8, 0x01, 0x8C, 0xE1, 0x22, 0x17, 0x2B,
	0x2A, 0xD4, 0xFE, 0x53, 0x52, 0x01, 0x1C, 0x1C, 0x02, 0x01, 0x03, 0x03,
	0x55, 0x46, 0xFE, 0xF9, 0x28, 0x17, 0x04, 0x5A, 0x00, 0x01, 0x00, 0x00,
	0xFF, 0x48, 0x00, 0xE2, 0x02, 0xAA, 0x00, 0x20, 0x00, 0x00, 0x36, 0x1D,
	0x01, 0x14, 0x17, 0x16, 0x3B, 0x01, 0x15, 0x06, 0x23, 0x22, 0x3D, 0x01,
	0x34, 0x27, 0x35, 0x36, 0x3D, 0x01, 0x34, 0x3B, 0x01, 0x32, 0x17, 0x15,
	0x06, 0x07, 0x06, 0x1D, 0x01, 0x14, 0x07, 0x82, 0x10, 0x10, 0x38, 0x08,
	0x0D, 0x0D, 0x8F, 0x39, 0x39, 0x91, 0x0A, 0x06, 0x08, 0x3E, 0x11, 0x11,
	0x3D, 0xD5, 0x55, 0x9B, 0x3E, 0x12, 0x12, 0x3A, 0x01, 0x93, 0xA3, 0x4F,
	0x0E, 0x3A, 0x0F, 0x4F, 0xAD, 0x8A, 0x01, 0x39, 0x01, 0x11, 0x11, 0x3F,
	0xA0, 0x54, 0x22, 0x00, 0x00, 0x01, 0x00, 0x00, 0xFF, 0x53, 0x00, 0x3F,
	0x02, 0x9A, 0x00, 0x03, 0x00, 0x00, 0x13, 0x11, 0x23, 0x11, 0x3F, 0x3F,
	0x02, 0x9A, 0xFC, 0xB9, 0x03, 0x47, 0x00, 0x00, 0x00, 0x01, 0x00, 0x00,
	0xFF, 0x48, 0x00, 0xE3, 0x02, 0xAA, 0x00, 0x1D, 0x00, 0x00, 0x12, 0x3D,
	0x01, 0x34, 0x27, 0x26, 0x23, 0x35, 0x36, 0x33, 0x32, 0x1D, 0x01, 0x14,
	0x17, 0x15, 0x06, 0x1D, 0x01, 0x14, 0x23, 0x27, 0x35, 0x32, 0x37, 0x36,
	0x3D, 0x01, 0x34, 0x37, 0x61, 0x11, 0x11, 0x3F, 0x0E, 0x0D, 0x8F, 0x39,
	0x39, 0x91, 0x19, 0x3F, 0x11, 0x11, 0x3D, 0x01, 0x1B, 0x55, 0x9C, 0x40,
	0x12, 0x11, 0x3A, 0x01, 0x93, 0xA3, 0x50, 0x0E, 0x3A, 0x0F, 0x4F, 0xAC,
	0x8A, 0x01, 0x3A, 0x11, 0x11, 0x3F, 0xA0, 0x53, 0x22, 0x00, 0x00, 0x00,
	0x00, 0x01, 0x00, 0x00, 0x02, 0x0F, 0x01, 0xEC, 0x02, 0xB7, 0x00, 0x17,
	0x00, 0x00, 0x01, 0x06, 0x23, 0x22, 0x27, 0x26, 0x27, 0x26, 0x27, 0x26,
	0x23, 0x06, 0x07, 0x27, 0x36, 0x33, 0x32, 0x17, 0x16, 0x17, 0x16, 0x33,
	0x32, 0x37, 0x01, 0xEC, 0x41, 0x45, 0x13, 0x14, 0x15, 0x37, 0x3B, 0x10,
	0x10, 0x0E, 0x30, 0x33, 0x27, 0x45, 0x42, 0x23, 0x5C, 0x2F, 0x11, 0x12,
	0x0B, 0x31, 0x31, 0x02, 0x91, 0x73, 0x07, 0x06, 0x18, 0x1A, 0x06, 0x06,
	0x01, 0x59, 0x27, 0x72, 0x29, 0x15, 0x06, 0x07, 0x5A, 0x00, 0x00, 0x00,
	0x00, 0x02, 0x00, 0x00, 0xFF, 0x48, 0x00, 0x76, 0x01, 0xE2, 0x00, 0x05,
	0x00, 0x09, 0x00, 0x00, 0x1B, 0x01, 0x15, 0x23, 0x35, 0x13, 0x37, 0x23,
	0x35, 0x33, 0x59, 0x1D, 0x76, 0x1C, 0x56, 0x6D, 0x6D, 0x01, 0x38, 0xFE,
	0xA8, 0x98, 0x97, 0x01, 0x59, 0x3D, 0x6D, 0x00, 0x00, 0x02, 0x00, 0x00,
	0xFF, 0x48, 0x01, 0xB5, 0x02, 0x98, 0x00, 0x06, 0x00, 0x21, 0x00, 0x00,
	0x13, 0x27, 0x23, 0x22, 0x15, 0x14, 0x17, 0x07, 0x26, 0x35, 0x34, 0x33,
	0x32, 0x17, 0x37, 0x17, 0x07, 0x16, 0x17, 0x07, 0x26, 0x27, 0x03, 0x16,
	0x33, 0x32, 0x37, 0x17, 0x06, 0x23, 0x22, 0x27, 0x07, 0x27, 0xF4, 0x08,
	0x07, 0x7B, 0x2F, 0x1C, 0x7D, 0xE5, 0x16, 0x11, 0x33, 0x35, 0x33, 0x57,
	0x16, 0x65, 0x09, 0x19, 0x5C, 0x11, 0x0B, 0x58, 0x11, 0x65, 0x21, 0xB6,
	0x14, 0x18, 0x35, 0x35, 0x01, 0x9B, 0x01, 0xA7, 0x63, 0x2E, 0x5C, 0x34,
	0xB3, 0xFE, 0x03, 0xAE, 0x0F, 0xAD, 0x23, 0x65, 0x11, 0x28, 0x19, 0xFE,
	0xC8, 0x04, 0x6C, 0x0F, 0xB0, 0x04, 0xB1, 0x0F, 0x00, 0x01, 0x00, 0x00,
	0xFF, 0xF5, 0x01, 0xEB, 0x02, 0xA6, 0x00, 0x32, 0x00, 0x00, 0x35, 0x36,
	0x35, 0x34, 0x27, 0x23, 0x35, 0x33, 0x27, 0x26, 0x35, 0x34, 0x37, 0x36,
	0x33, 0x32, 0x17, 0x07, 0x26, 0x23, 0x22, 0x07, 0x06, 0x15, 0x14, 0x1F,
	0x01, 0x33, 0x15, 0x23, 0x17, 0x14, 0x07, 0x36, 0x33, 0x32, 0x17, 0x16,
	0x33, 0x32, 0x37, 0x17, 0x06, 0x23, 0x22, 0x2F, 0x01, 0x26, 0x23, 0x22,
	0x07, 0x65, 0x05, 0x5B, 0x46, 0x04, 0x12, 0x3A, 0x3A, 0x5E, 0xB2, 0x1A,
	0x65, 0x10, 0x5A, 0x2B, 0x1D, 0x1E, 0x15, 0x03, 0x8F, 0x7B, 0x02, 0x4B,
	0x2D, 0x1B, 0x23, 0x33, 0x31, 0x15, 0x2D, 0x32, 0x27, 0x3B, 0x42, 0x22,
	0x2A, 0x3E, 0x21, 0x20, 0x3F, 0x3B, 0x51, 0x40, 0x67, 0x12, 0x1A, 0x53,
	0x0C, 0x3C, 0x25, 0x57, 0x36, 0x35, 0xAE, 0x0F, 0x69, 0x1C, 0x1D, 0x29,
	0x2F, 0x3F, 0x0B, 0x52, 0x19, 0x5C, 0x4B, 0x08, 0x0C, 0x0C, 0x19, 0x5A,
	0x1F, 0x0C, 0x12, 0x09, 0x27, 0x00, 0x00, 0x00, 0x00, 0x01, 0x00, 0x00,
	0x00, 0x00, 0x01, 0xBC, 0x02, 0x91, 0x00, 0x03, 0x00, 0x00, 0x09, 0x01,
	0x23, 0x01, 0x01, 0xBC, 0xFE, 0x7A, 0x36, 0x01, 0x87, 0x02, 0x91, 0xFD,
	0x6F, 0x02, 0x91, 0x00, 0x00, 0x01, 0x00, 0x00, 0x00, 0x00, 0x02, 0x0C,
	0x02, 0x9A, 0x00, 0x16, 0x00, 0x00, 0x01, 0x15, 0x23, 0x07, 0x33, 0x15,
	0x23, 0x15, 0x23, 0x35, 0x23, 0x35, 0x33, 0x27, 0x23, 0x35, 0x33, 0x03,
	0x33, 0x1B, 0x01, 0x33, 0x03, 0x01, 0xF1, 0x95, 0x2B, 0xC0, 0xC0, 0x56,
	0xBA, 0xB8, 0x29, 0x8F, 0x74, 0x95, 0x60, 0xA6, 0xA8, 0x5E, 0x96, 0x01,
	0x89, 0x34, 0x48, 0x34, 0xD9, 0xD9, 0x34, 0x48, 0x34, 0x01, 0x11, 0xFE,
	0xBB, 0x01, 0x45, 0xFE, 0xEF, 0x00, 0x00, 0x00, 0x00, 0x01, 0x00, 0x00,
	0xFF, 0x6D, 0x01, 0xCE, 0x02, 0xB7, 0x00, 0x21, 0x00, 0x00, 0x01, 0x23,
	0x03, 0x06, 0x07, 0x06, 0x23, 0x22, 0x27, 0x37, 0x16, 0x33, 0x32, 0x37,
	0x36, 0x37, 0x13, 0x23, 0x37, 0x33, 0x37, 0x36, 0x37, 0x36, 0x33, 0x32,
	0x17, 0x07, 0x27, 0x23, 0x22, 0x0F, 0x01, 0x33, 0x01, 0x88, 0x68, 0x3F,
	0x11, 0x21, 0x25, 0x54, 0x1E, 0x18, 0x0B, 0x1D, 0x07, 0x2B, 0x14, 0x12,
	0x11, 0x39, 0x5D, 0x0A, 0x5C, 0x13, 0x10, 0x1F, 0x2A, 0x50, 0x1C, 0x23,
	0x0C, 0x1A, 0x13, 0x48, 0x13, 0x11, 0x68, 0x01, 0x75, 0xFE, 0xAF, 0x61,
	0x28, 0x2E, 0x04, 0x40, 0x03, 0x1C, 0x1C, 0x57, 0x01, 0x38, 0x34, 0x66,
	0x58, 0x22, 0x2E, 0x05, 0x40, 0x03, 0x68, 0x64, 0x00, 0x02, 0x00, 0x00,
	0xFF, 0x3D, 0x01, 0xC0, 0x02, 0xA6, 0x00, 0x0D, 0x00, 0x3D, 0x00, 0x00,
	0x12, 0x15, 0x14, 0x17, 0x16, 0x17, 0x16, 0x17, 0x36, 0x35, 0x34, 0x27,
	0x26, 0x27, 0x03, 0x16, 0x33, 0x32, 0x35, 0x34, 0x27, 0x26, 0x2F, 0x01,
	0x26, 0x27, 0x26, 0x35, 0x34, 0x37, 0x26, 0x35, 0x34, 0x37, 0x36, 0x33,
	0x32, 0x17, 0x07, 0x26, 0x23, 0x22, 0x15, 0x14, 0x1F, 0x01, 0x16, 0x17,
	0x16, 0x17, 0x16, 0x15, 0x06, 0x07, 0x16, 0x15, 0x14, 0x07, 0x06, 0x23,
	0x22, 0x27, 0x5E, 0x15, 0x16, 0x41, 0x43, 0x1F, 0x36, 0x79, 0x34, 0x20,
	0x13, 0x12, 0x53, 0x55, 0x1A, 0x18, 0x59, 0x1B, 0x68, 0x1A, 0x14, 0x5E,
	0x35, 0x31, 0x31, 0x4B, 0xAE, 0x17, 0x68, 0x0C, 0x49, 0x4E, 0x5C, 0x2A,
	0x3C, 0x14, 0x14, 0x14, 0x32, 0x01, 0x5C, 0x40, 0x34, 0x34, 0x54, 0xB6,
	0x16, 0x01, 0x5E, 0x2C, 0x1F, 0x18, 0x18, 0x29, 0x2A, 0x17, 0x21, 0x2A,
	0x30, 0x4E, 0x22, 0x19, 0xFE, 0x71, 0x5F, 0x44, 0x19, 0x17, 0x16, 0x38,
	0x12, 0x41, 0x32, 0x23, 0x28, 0x61, 0x27, 0x35, 0x38, 0x3E, 0x29, 0x29,
	0x9C, 0x0B, 0x55, 0x3B, 0x28, 0x3A, 0x1A, 0x26, 0x0E, 0x0E, 0x15, 0x30,
	0x40, 0x54, 0x33, 0x35, 0x43, 0x44, 0x2B, 0x2B, 0xA4, 0x00, 0x00, 0x00,
	0x00, 0x02, 0x00, 0x00, 0x00, 0x4F, 0x02, 0x3D, 0x02, 0x86, 0x00, 0x0F,
	0x00, 0x2B, 0x00, 0x00, 0x12, 0x07, 0x06, 0x15, 0x14, 0x17, 0x16, 0x33,
	0x32, 0x37, 0x36, 0x35, 0x34, 0x27, 0x26, 0x23, 0x03, 0x26, 0x35, 0x34,
	0x37, 0x27, 0x37, 0x17, 0x36, 0x33, 0x32, 0x17, 0x37, 0x17, 0x07, 0x16,
	0x15, 0x14, 0x07, 0x17, 0x07, 0x27, 0x06, 0x23, 0x22, 0x27, 0x07, 0x27,
	0xDD, 0x30, 0x30, 0x30, 0x2F, 0x43, 0x43, 0x2F, 0x30, 0x2F, 0x30, 0x41,
	0xC0, 0x30, 0x31, 0x62, 0x2F, 0x61, 0x43, 0x4C, 0x4B, 0x42, 0x60, 0x2E,
	0x5F, 0x33, 0x31, 0x60, 0x2E, 0x5F, 0x44, 0x4D, 0x4B, 0x45, 0x60, 0x2E,
	0x02, 0x0C, 0x2F, 0x30, 0x43, 0x44, 0x30, 0x30, 0x30, 0x30, 0x43, 0x43,
	0x30, 0x30, 0xFE, 0xD1, 0x40, 0x4D, 0x4A, 0x42, 0x62, 0x2E, 0x61, 0x31,
	0x2F, 0x5F, 0x2F, 0x5E, 0x43, 0x4D, 0x4A, 0x42, 0x60, 0x2E, 0x5F, 0x32,
	0x32, 0x5F, 0x2E, 0x00, 0x00, 0x01, 0x00, 0x00, 0x01, 0x88, 0x00, 0x52,
	0x02, 0x9A, 0x00, 0x03, 0x00, 0x00, 0x13, 0x03, 0x33, 0x03, 0x11, 0x11,
	0x52, 0x11, 0x01, 0x88, 0x01, 0x12, 0xFE, 0xEE, 0x00, 0x02, 0x00, 0x00,
	0x01, 0xAE, 0x01, 0x23, 0x02, 0xA3, 0x00, 0x08, 0x00, 0x11, 0x00, 0x00,
	0x01, 0x23, 0x35, 0x26, 0x37, 0x17, 0x06, 0x07, 0x33, 0x07, 0x23, 0x35,
	0x26, 0x37, 0x17, 0x06, 0x07, 0x33, 0x01, 0x1A, 0x6A, 0x01, 0x5D, 0x17,
	0x3A, 0x03, 0x34, 0xAF, 0x6A, 0x01, 0x5D, 0x16, 0x3A, 0x02, 0x34, 0x01,
	0xAE, 0x52, 0x7D, 0x26, 0x29, 0x18, 0x46, 0x6E, 0x67, 0x69, 0x25, 0x29,
	0x19, 0x45, 0x00, 0x00, 0x00, 0x02, 0x00, 0x00, 0x00, 0x20, 0x01, 0x95,
	0x01, 0xBF, 0x00, 0x05, 0x00, 0x0B, 0x00, 0x00, 0x01, 0x07, 0x17, 0x23,
	0x27, 0x37, 0x23, 0x07, 0x17, 0x23, 0x27, 0x37, 0x01, 0x95, 0x77, 0x77,
	0x53, 0x8F, 0x8F, 0x5E, 0x77, 0x76, 0x52, 0x91, 0x91, 0x01, 0xBF, 0xCF,
	0xD0, 0xD0, 0xCF, 0xCF, 0xD0, 0xD0, 0xCF, 0x00, 0x00, 0x01, 0x00, 0x00,
	0x00, 0x20, 0x00, 0xE3, 0x01, 0xBF, 0x00, 0x05, 0x00, 0x00, 0x13, 0x07,
	0x17, 0x23, 0x27, 0x37, 0xE3, 0x77, 0x77, 0x53, 0x90, 0x90, 0x01, 0xBF,
	0xCF, 0xD0, 0xD0, 0xCF, 0x00, 0x01, 0x00, 0x00, 0x00, 0x20, 0x00, 0xE2,
	0x01, 0xBF, 0x00, 0x05, 0x00, 0x00, 0x35, 0x37, 0x27, 0x33, 0x17, 0x07,
	0x77, 0x77, 0x53, 0x8F, 0x8F, 0x20, 0xCF, 0xD0, 0xD0, 0xCF, 0x00, 0x00,
	0x00, 0x03, 0x00, 0x00, 0x00, 0x00, 0x01, 0xB2, 0x02, 0xA6, 0x00, 0x15,
	0x00, 0x19, 0x00, 0x1D, 0x00, 0x00, 0x01, 0x15, 0x23, 0x03, 0x23, 0x11,
	0x23, 0x35, 0x33, 0x35, 0x34, 0x37, 0x36, 0x33, 0x32, 0x17, 0x07, 0x26,
	0x23, 0x22, 0x1D, 0x01, 0x37, 0x33, 0x15, 0x23, 0x15, 0x33, 0x11, 0x23,
	0x01, 0x0D, 0x5E, 0x01, 0x67, 0x47, 0x47, 0x18, 0x24, 0x4F, 0x30, 0x2D,
	0x0F, 0x19, 0x1D, 0x3C, 0x9D, 0x67, 0x67, 0x67, 0x67, 0x01, 0xE2, 0x50,
	0xFE, 0x6E, 0x01, 0x92, 0x50, 0x2B, 0x49, 0x20, 0x30, 0x0E, 0x4E, 0x05,
	0x4C, 0x21, 0xB8, 0x69, 0x4F, 0xFE, 0x1E, 0x00, 0x00, 0x02, 0x00, 0x00,
	0x00, 0x00, 0x01, 0xB2, 0x02, 0xA6, 0x00, 0x15, 0x00, 0x19, 0x00, 0x00,
	0x01, 0x15, 0x23, 0x11, 0x23, 0x11, 0x23, 0x35, 0x33, 0x35, 0x34, 0x37,
	0x36, 0x33, 0x32, 0x17, 0x07, 0x26, 0x23, 0x22, 0x1D, 0x01, 0x37, 0x33,
	0x11, 0x23, 0x01, 0x0D, 0x5E, 0x68, 0x47, 0x47, 0x18, 0x24, 0x4F, 0x30,
	0x2D, 0x0F, 0x19, 0x1C, 0x3D, 0x9C, 0x68, 0x68, 0x01, 0xE2, 0x50, 0xFE,
	0x6E, 0x01, 0x92, 0x50, 0x2B, 0x49, 0x20, 0x30, 0x0E, 0x4E, 0x05, 0x4C,
	0x21, 0xB8, 0xFD, 0x66, 0x00, 0x01, 0x00, 0x00, 0x01, 0x35, 0x01, 0xE1,
	0x01, 0x76, 0x00, 0x03, 0x00, 0x00, 0x01, 0x15, 0x21, 0x35, 0x01, 0xE1,
	0xFE, 0x1F, 0x01, 0x76, 0x41, 0x41, 0x00, 0x00, 0x00, 0x01, 0x00, 0x00,
	0xFF, 0x62, 0x01, 0xC0, 0x02, 0x8E, 0x00, 0x0B, 0x00, 0x00, 0x13, 0x23,
	0x35, 0x33, 0x35, 0x33, 0x15, 0x33, 0x15, 0x23, 0x11, 0x23, 0xAE, 0xAE,
	0xAE, 0x63, 0xAF, 0xAE, 0x64, 0x01, 0x82, 0x58, 0xB4, 0xB4, 0x58, 0xFD,
	0xE0, 0x00, 0x00, 0x00, 0x00, 0x01, 0x00, 0x00, 0xFF, 0x62, 0x01, 0xC1,
	0x02, 0x92, 0x00, 0x13, 0x00, 0x00, 0x37, 0x23, 0x35, 0x33, 0x11, 0x23,
	0x35, 0x33, 0x35, 0x33, 0x15, 0x33, 0x15, 0x23, 0x11, 0x33, 0x15, 0x23,
	0x15, 0x23, 0xAF, 0xAF, 0xAF, 0xAF, 0xAF, 0x63, 0xAF, 0xAE, 0xAE, 0xAE,
	0x64, 0x02, 0x58, 0x01, 0x3B, 0x59, 0xA4, 0xA3, 0x59, 0xFE, 0xC5, 0x58,
	0xA1, 0x00, 0x00, 0x00, 0x00, 0x01, 0x00, 0x00, 0x01, 0x0F, 0x00, 0x6D,
	0x01, 0x7D, 0x00, 0x03, 0x00, 0x00, 0x11, 0x33, 0x15, 0x23, 0x6D, 0x6D,
	0x01, 0x7D, 0x6E, 0x00, 0x00, 0x01, 0x00, 0x00, 0xFF, 0xA0, 0x01, 0xC5,
	0x02, 0x9B, 0x00, 0x14, 0x00, 0x00, 0x13, 0x06, 0x2B, 0x01, 0x22, 0x27,
	0x26, 0x35, 0x34, 0x37, 0x36, 0x3B, 0x01, 0x15, 0x23, 0x11, 0x23, 0x11,
	0x23, 0x11, 0x23, 0xC4, 0x04, 0x04, 0x06, 0x51, 0x32, 0x33, 0x6C, 0x2F,
	0x43, 0xE7, 0x30, 0x35, 0x65, 0x37, 0x01, 0x3D, 0x01, 0x30, 0x30, 0x4D,
	0x7E, 0x24, 0x10, 0x29, 0xFD, 0x2E, 0x02, 0xD2, 0xFD, 0x2E, 0x00, 0x00,
	0x00, 0x01, 0x00, 0x00, 0x00, 0xFE, 0x00, 0xA7, 0x01, 0xA6, 0x00, 0x0F,
	0x00, 0x00, 0x12, 0x17, 0x16, 0x15, 0x14, 0x07, 0x06, 0x23, 0x22, 0x27,
	0x26, 0x35, 0x34, 0x37, 0x36, 0x33, 0x76, 0x19, 0x18, 0x18, 0x19, 0x23,
	0x22, 0x19, 0x18, 0x18, 0x19, 0x22, 0x01, 0xA6, 0x19, 0x18, 0x23, 0x23,
	0x18, 0x19, 0x19, 0x18, 0x23, 0x23, 0x18, 0x19, 0x00, 0x02, 0x00, 0x00,
	0xFF, 0x79, 0x01, 0x23, 0x00, 0x6E, 0x00, 0x08, 0x00, 0x11, 0x00, 0x00,
	0x37, 0x33, 0x15, 0x14, 0x07, 0x27, 0x36, 0x37, 0x23, 0x27, 0x33, 0x15,
	0x14, 0x07, 0x27, 0x36, 0x37, 0x23, 0xB8, 0x6B, 0x5D, 0x16, 0x3B, 0x01,
	0x34, 0xAF, 0x6A, 0x5D, 0x16, 0x3B, 0x01, 0x33, 0x6E, 0x52, 0x7B, 0x28,
	0x2A, 0x17, 0x46, 0x6E, 0x52, 0x7C, 0x27, 0x2A, 0x17, 0x46, 0x00, 0x00,
	0x00, 0x02, 0x00, 0x00, 0x01, 0xA8, 0x01, 0x23, 0x02, 0x9E, 0x00, 0x08,
	0x00, 0x11, 0x00, 0x00, 0x13, 0x33, 0x15, 0x14, 0x07, 0x27, 0x36, 0x37,
	0x23, 0x27, 0x33, 0x15, 0x14, 0x07, 0x27, 0x36, 0x37, 0x23, 0xB9, 0x6A,
	0x5D, 0x16, 0x3B, 0x01, 0x33, 0xB0, 0x6B, 0x5D, 0x17, 0x3A, 0x03, 0x34,
	0x02, 0x9E, 0x52, 0x7D, 0x27, 0x2A, 0x18, 0x45, 0x6F, 0x52, 0x7E, 0x26,
	0x2A, 0x17, 0x46, 0x00, 0x00, 0x02, 0x00, 0x00, 0x00, 0x20, 0x01, 0x95,
	0x01, 0xBF, 0x00, 0x05, 0x00, 0x0B, 0x00, 0x00, 0x35, 0x37, 0x27, 0x33,
	0x17, 0x07, 0x33, 0x37, 0x27, 0x33, 0x17, 0x07, 0x77, 0x77, 0x53, 0x90,
	0x90, 0x5F, 0x76, 0x76, 0x52, 0x91, 0x91, 0x20, 0xCF, 0xD0, 0xD0, 0xCF,
	0xCE, 0xD1, 0xD0, 0xCF, 0x00, 0x03, 0x00, 0x00, 0x00, 0x00, 0x02, 0xDA,
	0x00, 0x6D, 0x00, 0x03, 0x00, 0x07, 0x00, 0x0B, 0x00, 0x00, 0x25, 0x33,
	0x15, 0x23, 0x25, 0x33, 0x15, 0x23, 0x25, 0x33, 0x15, 0x23, 0x02, 0x6D,
	0x6D, 0x6D, 0xFE, 0xC9, 0x6E, 0x6E, 0xFE, 0xCA, 0x6D, 0x6D, 0x6D, 0x6D,
	0x6D, 0x6D, 0x6D, 0x6D, 0x00, 0x02, 0x00, 0x00, 0xFF, 0x3F, 0x01, 0xC5,
	0x01, 0xE2, 0x00, 0x1A, 0x00, 0x1E, 0x00, 0x00, 0x21, 0x06, 0x23, 0x22,
	0x27, 0x26, 0x35, 0x34, 0x3F, 0x01, 0x36, 0x35, 0x27, 0x33, 0x17, 0x14,
	0x07, 0x06, 0x07, 0x06, 0x15, 0x14, 0x17, 0x16, 0x33, 0x32, 0x37, 0x03,
	0x23, 0x35, 0x33, 0x01, 0xC5, 0x18, 0xC9, 0x61, 0x42, 0x41, 0x56, 0x2C,
	0x34, 0x01, 0x60, 0x01, 0x63, 0x30, 0x0E, 0x0E, 0x23, 0x23, 0x33, 0x6B,
	0x16, 0x49, 0x6D, 0x6D, 0xC1, 0x36, 0x35, 0x4F, 0x4B, 0x4D, 0x28, 0x2D,
	0x48, 0x0D, 0x20, 0x60, 0x55, 0x28, 0x13, 0x14, 0x1C, 0x2C, 0x1F, 0x1F,
	0x7B, 0x01, 0x69, 0x6D, 0x00, 0x01, 0x00, 0x00, 0x02, 0x1E, 0x00, 0xBA,
	0x02, 0xA2, 0x00, 0x03, 0x00, 0x00, 0x13, 0x27, 0x33, 0x17, 0x71, 0x71,
	0x7D, 0x3D, 0x02, 0x1E, 0x84, 0x84, 0x00, 0x00, 0x00, 0x01, 0x00, 0x00,
	0x02, 0x1E, 0x00, 0xB9, 0x02, 0xA2, 0x00, 0x03, 0x00, 0x00, 0x11, 0x37,
	0x33, 0x07, 0x3D, 0x7C, 0x70, 0x02, 0x1E, 0x84, 0x84, 0x00, 0x00, 0x00,
	0x00, 0x01, 0x00, 0x00, 0x02, 0x1F, 0x01, 0x28, 0x02, 0xA2, 0x00, 0x06,
	0x00, 0x00, 0x13, 0x23, 0x37, 0x33, 0x17, 0x23, 0x27, 0x62, 0x62, 0x61,
	0x65, 0x62, 0x61, 0x33, 0x02, 0x1F, 0x83, 0x83, 0x49, 0x00, 0x00, 0x00,
	0x00, 0x01, 0x00, 0x00, 0x02, 0x27, 0x01, 0x34, 0x02, 0x95, 0x00, 0x13,
	0x00, 0x00, 0x11, 0x35, 0x34, 0x33, 0x32, 0x17, 0x16, 0x33, 0x32, 0x37,
	0x33, 0x06, 0x23, 0x22, 0x27, 0x26, 0x23, 0x22, 0x1D, 0x01, 0x58, 0x1C,
	0x33, 0x21, 0x0D, 0x20, 0x04, 0x3B, 0x02, 0x54, 0x19, 0x2B, 0x2B, 0x12,
	0x21, 0x02, 0x27, 0x09, 0x64, 0x18, 0x0F, 0x28, 0x6D, 0x14, 0x15, 0x27,
	0x03, 0x00, 0x00, 0x00, 0x00, 0x01, 0x00, 0x00, 0x02, 0x22, 0x01, 0x13,
	0x02, 0x9F, 0x00, 0x09, 0x00, 0x00, 0x01, 0x06, 0x23, 0x22, 0x27, 0x33,
	0x16, 0x33, 0x32, 0x37, 0x01, 0x13, 0x0D, 0x7C, 0x7D, 0x0D, 0x3B, 0x09,
	0x45, 0x45, 0x0A, 0x02, 0x9F, 0x7D, 0x7D, 0x3F, 0x3F, 0x00, 0x00, 0x00,
	0x00, 0x02, 0x00, 0x00, 0x02, 0x3C, 0x01, 0x16, 0x02, 0xA2, 0x00, 0x03,
	0x00, 0x07, 0x00, 0x00, 0x13, 0x33, 0x15, 0x23, 0x27, 0x33, 0x15, 0x23,
	0xB5, 0x61, 0x61, 0xB5, 0x60, 0x60, 0x02, 0xA2, 0x66, 0x66, 0x65, 0x00,
	0x00, 0x02, 0x00, 0x00, 0x02, 0x0B, 0x00, 0xAA, 0x02, 0xB6, 0x00, 0x07,
	0x00, 0x17, 0x00, 0x00, 0x12, 0x15, 0x14, 0x33, 0x32, 0x35, 0x34, 0x23,
	0x36, 0x17, 0x16, 0x15, 0x14, 0x07, 0x06, 0x23, 0x22, 0x27, 0x26, 0x35,
	0x34, 0x37, 0x36, 0x33, 0x28, 0x2D, 0x2D, 0x2D, 0x23, 0x19, 0x19, 0x19,
	0x19, 0x23, 0x23, 0x19, 0x19, 0x19, 0x19, 0x23, 0x02, 0x8E, 0x2E, 0x2D,
	0x2D, 0x2E, 0x28, 0x19, 0x19, 0x24, 0x23, 0x19, 0x19, 0x19, 0x19, 0x23,
	0x24, 0x19, 0x19, 0x00, 0x00, 0x01, 0x00, 0x00, 0x02, 0x1F, 0x01, 0x28,
	0x02, 0xA2, 0x00, 0x06, 0x00, 0x00, 0x13, 0x33, 0x07, 0x23, 0x27, 0x33,
	0x17, 0xC6, 0x62, 0x63, 0x65, 0x60, 0x62, 0x31, 0x02, 0xA2, 0x83, 0x83,
	0x49, 0x00, 0x00, 0x00, 0x00, 0x01, 0x00, 0x00, 0x00, 0xBE, 0x03, 0xAE,
	0x01, 0x12, 0x00, 0x03, 0x00, 0x00, 0x01, 0x15, 0x21, 0x35, 0x03, 0xAE,
	0xFC, 0x52, 0x01, 0x12, 0x54, 0x54, 0x00, 0x00, 0x00, 0x02, 0x00, 0x00,
	0x00, 0x00, 0x03, 0x86, 0x02, 0x9A, 0x00, 0x03, 0x00, 0x13, 0x00, 0x00,
	0x01, 0x11, 0x23, 0x0B, 0x01, 0x01, 0x21, 0x15, 0x21, 0x15, 0x21, 0x15,
	0x21, 0x15, 0x21, 0x15, 0x21, 0x35, 0x23, 0x07, 0x01, 0xBE, 0x3B, 0x8F,
	0xF4, 0x01, 0x3C, 0x02, 0x3D, 0xFE, 0xB4, 0x01, 0x34, 0xFE, 0xCC, 0x01,
	0x59, 0xFE, 0x39, 0xF6, 0x51, 0x01, 0x0F, 0x01, 0x32, 0xFE, 0xCE, 0xFE,
	0xF1, 0x02, 0x9A, 0x5E, 0xB2, 0x5E, 0xCD, 0x5F, 0xAF, 0xAF, 0x00, 0x00,
	0x00, 0x03, 0x00, 0x00, 0x01, 0x18, 0x01, 0x27, 0x02, 0xA8, 0x00, 0x09,
	0x00, 0x0D, 0x00, 0x28, 0x00, 0x00, 0x13, 0x06, 0x0F, 0x01, 0x06, 0x15,
	0x14, 0x33, 0x32, 0x35, 0x17, 0x21, 0x35, 0x21, 0x27, 0x26, 0x2F, 0x01,
	0x06, 0x23, 0x22, 0x35, 0x34, 0x3F, 0x01, 0x36, 0x35, 0x34, 0x23, 0x22,
	0x07, 0x23, 0x36, 0x33, 0x32, 0x15, 0x07, 0x14, 0x17, 0x16, 0x17, 0xCF,
	0x0E, 0x18, 0x24, 0x4A, 0x3B, 0x59, 0x58, 0xFE, 0xDA, 0x01, 0x26, 0x50,
	0x05, 0x01, 0x02, 0x2E, 0x37, 0x6A, 0x7E, 0x28, 0x29, 0x42, 0x40, 0x08,
	0x36, 0x08, 0x78, 0x79, 0x01, 0x02, 0x02, 0x07, 0x02, 0x10, 0x08, 0x03,
	0x03, 0x07, 0x2F, 0x31, 0x61, 0xE4, 0x27, 0x3C, 0x0A, 0x0A, 0x12, 0x2E,
	0x57, 0x52, 0x0A, 0x04, 0x04, 0x1C, 0x35, 0x3E, 0x67, 0x61, 0x5F, 0x39,
	0x11, 0x12, 0x11, 0x00, 0x00, 0x03, 0x00, 0x00, 0xFF, 0xE1, 0x02, 0x94,
	0x02, 0xB6, 0x00, 0x08, 0x00, 0x0F, 0x00, 0x25, 0x00, 0x00, 0x37, 0x16,
	0x33, 0x32, 0x37, 0x36, 0x35, 0x34, 0x2F, 0x01, 0x26, 0x23, 0x22, 0x15,
	0x14, 0x17, 0x07, 0x26, 0x35, 0x34, 0x37, 0x36, 0x33, 0x32, 0x17, 0x37,
	0x17, 0x07, 0x16, 0x15, 0x14, 0x07, 0x06, 0x23, 0x22, 0x27, 0x07, 0x27,
	0xC5, 0x3C, 0x47, 0x60, 0x39, 0x38, 0x1E, 0x2B, 0x3C, 0x49, 0xD1, 0x1F,
	0x4A, 0x47, 0x57, 0x58, 0x94, 0x74, 0x56, 0x4A, 0x35, 0x4E, 0x44, 0x57,
	0x57, 0x95, 0x6D, 0x59, 0x4B, 0x36, 0x80, 0x30, 0x43, 0x44, 0x74, 0x4E,
	0x43, 0x3B, 0x31, 0xFD, 0x50, 0x41, 0x53, 0x67, 0x7D, 0x9F, 0x5E, 0x5E,
	0x43, 0x53, 0x2E, 0x58, 0x62, 0x80, 0x9F, 0x5D, 0x5D, 0x3F, 0x53, 0x2D,
	0x00, 0x02, 0x00, 0x00, 0xFF, 0xF5, 0x03, 0x58, 0x02, 0xA6, 0x00, 0x07,
	0x00, 0x20, 0x00, 0x00, 0x00, 0x23, 0x22, 0x15, 0x14, 0x37, 0x32, 0x11,
	0x01, 0x15, 0x21, 0x15, 0x05, 0x15, 0x21, 0x15, 0x21, 0x15, 0x21, 0x35,
	0x06, 0x23, 0x22, 0x27, 0x26, 0x35, 0x34, 0x37, 0x36, 0x33, 0x32, 0x17,
	0x35, 0x01, 0xB5, 0xA1, 0xA2, 0xA1, 0xA2, 0x01, 0x95, 0xFE, 0xD7, 0x01,
	0x11, 0xFE, 0xEF, 0x01, 0x37, 0xFE, 0x67, 0x3A, 0x78, 0x95, 0x44, 0x34,
	0x46, 0x46, 0x7A, 0x7B, 0x3D, 0x02, 0x4C, 0xFE, 0xFE, 0x02, 0x01, 0x04,
	0x01, 0x44, 0x5E, 0xB1, 0x01, 0x5E, 0xCE, 0x5E, 0x57, 0x62, 0x78, 0x5B,
	0x84, 0xA1, 0x5D, 0x5C, 0x5E, 0x52, 0x00, 0x00, 0x00, 0x03, 0x00, 0x00,
	0x01, 0x18, 0x01, 0x2A, 0x02, 0xA8, 0x00, 0x07, 0x00, 0x0B, 0x00, 0x19,
	0x00, 0x00, 0x12, 0x15, 0x14, 0x33, 0x32, 0x35, 0x34, 0x23, 0x13, 0x21,
	0x35, 0x21, 0x02, 0x17, 0x16, 0x15, 0x14, 0x23, 0x22, 0x27, 0x26, 0x35,
	0x34, 0x37, 0x36, 0x33, 0x3A, 0x5A, 0x59, 0x59, 0x96, 0xFE, 0xDA, 0x01,
	0x26, 0x53, 0x28, 0x28, 0x93, 0x43, 0x28, 0x29, 0x29, 0x29, 0x43, 0x02,
	0x7C, 0x6E, 0x6F, 0x6E, 0x6F, 0xFE, 0x9C, 0x27, 0x01, 0x69, 0x2B, 0x2A,
	0x46, 0x9A, 0x2B, 0x2A, 0x45, 0x46, 0x2A, 0x2B, 0x00, 0x03, 0x00, 0x00,
	0xFF, 0xF6, 0x02, 0xF0, 0x01, 0xED, 0x00, 0x04, 0x00, 0x0F, 0x00, 0x37,
	0x00, 0x00, 0x01, 0x26, 0x23, 0x22, 0x0F, 0x01, 0x06, 0x07, 0x06, 0x15,
	0x14, 0x33, 0x32, 0x37, 0x36, 0x35, 0x17, 0x14, 0x33, 0x32, 0x37, 0x17,
	0x06, 0x23, 0x22, 0x27, 0x06, 0x23, 0x22, 0x35, 0x34, 0x37, 0x36, 0x3F,
	0x01, 0x36, 0x37, 0x35, 0x34, 0x23, 0x22, 0x07, 0x27, 0x36, 0x33, 0x32,
	0x17, 0x36, 0x33, 0x32, 0x17, 0x16, 0x1D, 0x01, 0x14, 0x07, 0x02, 0x88,
	0x0C, 0x68, 0x6B, 0x08, 0x67, 0x22, 0x4D, 0x61, 0x53, 0x4A, 0x21, 0x12,
	0x66, 0x78, 0x51, 0x1B, 0x68, 0x2F, 0xA6, 0x6A, 0x46, 0x53, 0x70, 0xA4,
	0x35, 0x25, 0x53, 0x3D, 0x2A, 0x25, 0x58, 0x60, 0x13, 0x61, 0x26, 0xAB,
	0x74, 0x30, 0x3A, 0x57, 0x66, 0x3C, 0x3B, 0x01, 0x01, 0x1D, 0x7F, 0x7F,
	0x31, 0x0C, 0x0F, 0x12, 0x38, 0x46, 0x38, 0x20, 0x43, 0x08, 0x8E, 0x56,
	0x10, 0x96, 0x4E, 0x4E, 0x8B, 0x47, 0x25, 0x1C, 0x0E, 0x0A, 0x07, 0x0C,
	0x10, 0x58, 0x4E, 0x10, 0x8F, 0x37, 0x37, 0x47, 0x46, 0x79, 0x08, 0x05,
	0x06, 0x00, 0x00, 0x00, 0x00, 0x01, 0x00, 0x00, 0x00, 0x00, 0x00, 0x67,
	0x01, 0xE2, 0x00, 0x03, 0x00, 0x00, 0x11, 0x33, 0x11, 0x23, 0x67, 0x67,
	0x01, 0xE2, 0xFE, 0x1E, 0x00, 0x03, 0x00, 0x00, 0xFF, 0xDE, 0x01, 0xDA,
	0x01, 0xFF, 0x00, 0x06, 0x00, 0x0F, 0x00, 0x25, 0x00, 0x00, 0x37, 0x16,
	0x33, 0x32, 0x35, 0x34, 0x2F, 0x01, 0x26, 0x23, 0x22, 0x07, 0x06, 0x15,
	0x14, 0x17, 0x01, 0x17, 0x07, 0x16, 0x15, 0x14, 0x07, 0x06, 0x23, 0x22,
	0x27, 0x07, 0x27, 0x37, 0x26, 0x35, 0x34, 0x37, 0x36, 0x33, 0x32, 0x17,
	0xA1, 0x20, 0x2A, 0x87, 0x11, 0x25, 0x26, 0x28, 0x3D, 0x24, 0x25, 0x13,
	0x01, 0x29, 0x30, 0x31, 0x37, 0x42, 0x42, 0x6A, 0x4B, 0x3A, 0x32, 0x2E,
	0x33, 0x3A, 0x41, 0x41, 0x6B, 0x48, 0x41, 0x60, 0x19, 0xAC, 0x2F, 0x2C,
	0x31, 0x1D, 0x2E, 0x2E, 0x4D, 0x38, 0x2B, 0x01, 0x6F, 0x25, 0x3C, 0x48,
	0x66, 0x70, 0x45, 0x45, 0x24, 0x3C, 0x24, 0x3F, 0x45, 0x69, 0x73, 0x45,
	0x46, 0x27, 0x00, 0x00, 0x00, 0x03, 0x00, 0x00, 0xFF, 0xF6, 0x03, 0x24,
	0x01, 0xED, 0x00, 0x04, 0x00, 0x10, 0x00, 0x2E, 0x00, 0x00, 0x01, 0x26,
	0x23, 0x22, 0x07, 0x24, 0x15, 0x14, 0x17, 0x16, 0x33, 0x32, 0x37, 0x36,
	0x35, 0x34, 0x23, 0x17, 0x15, 0x14, 0x33, 0x32, 0x37, 0x17, 0x06, 0x23,
	0x22, 0x27, 0x06, 0x23, 0x22, 0x27, 0x26, 0x35, 0x34, 0x37, 0x36, 0x33,
	0x32, 0x17, 0x36, 0x33, 0x32, 0x17, 0x16, 0x1D, 0x01, 0x02, 0xBD, 0x0B,
	0x69, 0x6A, 0x0B, 0xFE, 0x96, 0x24, 0x23, 0x3A, 0x3A, 0x23, 0x23, 0x81,
	0xE8, 0x7B, 0x51, 0x1A, 0x66, 0x31, 0x9E, 0x70, 0x44, 0x43, 0x70, 0x68,
	0x40, 0x40, 0x40, 0x40, 0x6A, 0x74, 0x3D, 0x3C, 0x6E, 0x68, 0x3B, 0x3C,
	0x01, 0x1D, 0x80, 0x80, 0x7B, 0xAA, 0x49, 0x2E, 0x2D, 0x2E, 0x2E, 0x4B,
	0xA7, 0xC4, 0x0A, 0x84, 0x56, 0x10, 0x96, 0x4E, 0x4E, 0x45, 0x45, 0x71,
	0x72, 0x45, 0x45, 0x50, 0x50, 0x48, 0x48, 0x7C, 0x0D, 0x00, 0x00, 0x00,
	0x00, 0x01, 0x00, 0x00, 0xFF, 0xF6, 0x01, 0xD8, 0x02, 0xA6, 0x00, 0x2F,
	0x00, 0x00, 0x11, 0x34, 0x37, 0x36, 0x33, 0x32, 0x17, 0x16, 0x15, 0x14,
	0x07, 0x06, 0x15, 0x14, 0x17, 0x16, 0x17, 0x16, 0x15, 0x14, 0x07, 0x06,
	0x23, 0x22, 0x27, 0x37, 0x16, 0x33, 0x32, 0x35, 0x34, 0x27, 0x26, 0x27,
	0x26, 0x35, 0x34, 0x37, 0x36, 0x35, 0x34, 0x23, 0x22, 0x07, 0x06, 0x15,
	0x11, 0x23, 0x1C, 0x2E, 0x7B, 0x4F, 0x30, 0x31, 0x2B, 0x15, 0x2E, 0x55,
	0x13, 0x0D, 0x2F, 0x2F, 0x47, 0x70, 0x2C, 0x4F, 0x1F, 0x29, 0x41, 0x0F,
	0x0F, 0x36, 0x52, 0x20, 0x24, 0x4A, 0x34, 0x14, 0x14, 0x67, 0x01, 0xBC,
	0x66, 0x31, 0x53, 0x25, 0x25, 0x3B, 0x2D, 0x4A, 0x24, 0x15, 0x18, 0x25,
	0x44, 0x26, 0x1D, 0x1F, 0x42, 0x2B, 0x2B, 0x61, 0x2A, 0x39, 0x41, 0x16,
	0x12, 0x12, 0x2B, 0x3F, 0x32, 0x20, 0x3A, 0x41, 0x1B, 0x3E, 0x21, 0x22,
	0x56, 0xFE, 0x46, 0x00, 0x00, 0x04, 0x00, 0x00, 0x00, 0x00, 0x02, 0x85,
	0x03, 0x43, 0x00, 0x06, 0x00, 0x0E, 0x00, 0x12, 0x00, 0x16, 0x00, 0x00,
	0x01, 0x27, 0x26, 0x27, 0x06, 0x0F, 0x01, 0x03, 0x01, 0x33, 0x01, 0x23,
	0x27, 0x21, 0x07, 0x13, 0x33, 0x15, 0x23, 0x27, 0x33, 0x15, 0x23, 0x01,
	0xA4, 0x3E, 0x20, 0x0B, 0x11, 0x13, 0x40, 0xD7, 0x01, 0x02, 0x75, 0x01,
	0x0E, 0x7A, 0x44, 0xFE, 0xF0, 0x42, 0xF8, 0x61, 0x61, 0xB5, 0x60, 0x60,
	0x01, 0x0D, 0xA4, 0x59, 0x22, 0x3E, 0x32, 0xAF, 0xFE, 0xF3, 0x02, 0x9A,
	0xFD, 0x66, 0xB2, 0xB2, 0x03, 0x43, 0x66, 0x66, 0x65, 0x00, 0x00, 0x00,
	0x00, 0x04, 0x00, 0x00, 0x00, 0x00, 0x02, 0x85, 0x03, 0x6C, 0x00, 0x06,
	0x00, 0x0E, 0x00, 0x16, 0x00, 0x26, 0x00, 0x00, 0x01, 0x27, 0x26, 0x27,
	0x06, 0x0F, 0x01, 0x03, 0x01, 0x33, 0x01, 0x23, 0x27, 0x21, 0x07, 0x12,
	0x15, 0x14, 0x33, 0x32, 0x35, 0x34, 0x23, 0x36, 0x17, 0x16, 0x15, 0x14,
	0x07, 0x06, 0x23, 0x22, 0x27, 0x26, 0x35, 0x34, 0x37, 0x36, 0x33, 0x01,
	0xA4, 0x3E, 0x20, 0x0B, 0x11, 0x13, 0x40, 0xD7, 0x01, 0x02, 0x75, 0x01,
	0x0E, 0x7A, 0x44, 0xFE, 0xF0, 0x42, 0x98, 0x2D, 0x2D, 0x2D, 0x23, 0x19,
	0x19, 0x19, 0x19, 0x23, 0x23, 0x19, 0x19, 0x19, 0x19, 0x23, 0x01, 0x0D,
	0xA4, 0x59, 0x22, 0x3E, 0x32, 0xAF, 0xFE, 0xF3, 0x02, 0x9A, 0xFD, 0x66,
	0xB2, 0xB2, 0x03, 0x44, 0x2E, 0x2D, 0x2D, 0x2E, 0x28, 0x19, 0x19, 0x24,
	0x23, 0x19, 0x19, 0x19, 0x19, 0x23, 0x24, 0x19, 0x19, 0x00, 0x00, 0x00,
	0x00, 0x01, 0x00, 0x00, 0xFF, 0x41, 0x02, 0x4A, 0x02, 0xA6, 0x00, 0x2F,
	0x00, 0x00, 0x05, 0x32, 0x37, 0x33, 0x32, 0x15, 0x14, 0x23, 0x22, 0x27,
	0x37, 0x33, 0x16, 0x33, 0x32, 0x35, 0x26, 0x23, 0x22, 0x07, 0x37, 0x26,
	0x27, 0x26, 0x35, 0x34, 0x37, 0x36, 0x33, 0x32, 0x17, 0x16, 0x17, 0x07,
	0x26, 0x23, 0x22, 0x15, 0x14, 0x17, 0x16, 0x33, 0x32, 0x37, 0x17, 0x06,
	0x07, 0x23, 0x01, 0x37, 0x03, 0x03, 0x05, 0x59, 0x98, 0x25, 0x20, 0x02,
	0x05, 0x26, 0x18, 0x47, 0x02, 0x3A, 0x15, 0x0C, 0x10, 0x77, 0x43, 0x43,
	0x54, 0x54, 0x91, 0xA3, 0x49, 0x11, 0x0C, 0x6C, 0x29, 0x79, 0xC2, 0x22,
	0x32, 0x6B, 0x89, 0x23, 0x6D, 0x3B, 0xD0, 0x02, 0x19, 0x01, 0x4B, 0x5C,
	0x07, 0x35, 0x03, 0x26, 0x22, 0x04, 0x3B, 0x13, 0x59, 0x58, 0x8C, 0xA1,
	0x5E, 0x5E, 0x7B, 0x1D, 0x2B, 0x1A, 0x7E, 0xF9, 0x6A, 0x3B, 0x57, 0x9D,
	0x20, 0xD5, 0x05, 0x00, 0x00, 0x02, 0x00, 0x00, 0x00, 0x00, 0x01, 0xF7,
	0x03, 0x61, 0x00, 0x0B, 0x00, 0x0F, 0x00, 0x00, 0x11, 0x21, 0x15, 0x21,
	0x15, 0x21, 0x15, 0x21, 0x15, 0x21, 0x15, 0x21, 0x13, 0x37, 0x33, 0x07,
	0x01, 0xE8, 0xFE, 0x87, 0x01, 0x60, 0xFE, 0xA0, 0x01, 0x88, 0xFE, 0x09,
	0x9F, 0x3D, 0x7C, 0x70, 0x02, 0x9A, 0x5E, 0xB1, 0x5E, 0xCE, 0x5F, 0x02,
	0xDD, 0x84, 0x84, 0x00, 0x00, 0x02, 0x00, 0x00, 0x00, 0x00, 0x02, 0x0F,
	0x03, 0x4B, 0x00, 0x10, 0x00, 0x24, 0x00, 0x00, 0x11, 0x33, 0x01, 0x17,
	0x35, 0x26, 0x35, 0x03, 0x33, 0x11, 0x23, 0x01, 0x26, 0x27, 0x17, 0x13,
	0x23, 0x13, 0x35, 0x34, 0x33, 0x32, 0x17, 0x16, 0x33, 0x32, 0x37, 0x33,
	0x06, 0x23, 0x22, 0x27, 0x26, 0x23, 0x22, 0x1D, 0x01, 0x6D, 0x01, 0x28,
	0x18, 0x04, 0x02, 0x68, 0x6F, 0xFE, 0xC4, 0x02, 0x02, 0x04, 0x03, 0x67,
	0x6D, 0x58, 0x1C, 0x33, 0x21, 0x0D, 0x20, 0x04, 0x3B, 0x02, 0x54, 0x19,
	0x2B, 0x2B, 0x12, 0x21, 0x02, 0x9A, 0xFE, 0x33, 0x29, 0x06, 0x25, 0x25,
	0x01, 0xA6, 0xFD, 0x66, 0x01, 0xE6, 0x05, 0x03, 0x31, 0xFE, 0x43, 0x02,
	0xDD, 0x09, 0x64, 0x18, 0x0F, 0x28, 0x6D, 0x14, 0x15, 0x27, 0x03, 0x00,
	0x00, 0x04, 0x00, 0x00, 0xFF, 0xF5, 0x02, 0x82, 0x03, 0x4F, 0x00, 0x0D,
	0x00, 0x1D, 0x00, 0x21, 0x00, 0x25, 0x00, 0x00, 0x36, 0x17, 0x16, 0x33,
	0x32, 0x37, 0x36, 0x35, 0x34, 0x23, 0x22, 0x07, 0x06, 0x15, 0x26, 0x37,
	0x36, 0x33, 0x32, 0x17, 0x16, 0x15, 0x14, 0x07, 0x06, 0x23, 0x22, 0x27,
	0x26, 0x35, 0x01, 0x33, 0x15, 0x23, 0x27, 0x33, 0x15, 0x23, 0x72, 0x38,
	0x37, 0x61, 0x5F, 0x38, 0x38, 0xD0, 0x61, 0x37, 0x37, 0x72, 0x58, 0x58,
	0x92, 0x91, 0x58, 0x57, 0x57, 0x57, 0x94, 0x92, 0x57, 0x57, 0x01, 0x6C,
	0x61, 0x61, 0xB5, 0x60, 0x60, 0xD9, 0x43, 0x44, 0x44, 0x43, 0x72, 0xFC,
	0x42, 0x42, 0x75, 0x9D, 0x5E, 0x5D, 0x5E, 0x5E, 0x9D, 0x9E, 0x5D, 0x5D,
	0x5E, 0x5E, 0x9F, 0x01, 0xFF, 0x66, 0x66, 0x65, 0x00, 0x03, 0x00, 0x00,
	0xFF, 0xF5, 0x02, 0x10, 0x03, 0x43, 0x00, 0x17, 0x00, 0x1B, 0x00, 0x1F,
	0x00, 0x00, 0x13, 0x11, 0x14, 0x17, 0x16, 0x33, 0x32, 0x37, 0x36, 0x35,
	0x11, 0x33, 0x11, 0x14, 0x07, 0x06, 0x07, 0x06, 0x23, 0x22, 0x27, 0x26,
	0x35, 0x11, 0x25, 0x33, 0x15, 0x23, 0x27, 0x33, 0x15, 0x23, 0x6E, 0x15,
	0x23, 0x62, 0x64, 0x20, 0x16, 0x6E, 0x23, 0x18, 0x2F, 0x3D, 0x60, 0xAC,
	0x3B, 0x22, 0x01, 0x32, 0x61, 0x61, 0xB5, 0x60, 0x60, 0x02, 0x9A, 0xFE,
	0x8B, 0x6A, 0x28, 0x3F, 0x3C, 0x2C, 0x65, 0x01, 0x79, 0xFE, 0x90, 0x8C,
	0x41, 0x2C, 0x1B, 0x21, 0x68, 0x3C, 0x8E, 0x01, 0x73, 0xA9, 0x66, 0x66,
	0x65, 0x00, 0x00, 0x00, 0x00, 0x03, 0x00, 0x00, 0xFF, 0xF6, 0x01, 0xC1,
	0x02, 0xB4, 0x00, 0x0C, 0x00, 0x28, 0x00, 0x2C, 0x00, 0x00, 0x25, 0x06,
	0x07, 0x06, 0x07, 0x06, 0x15, 0x14, 0x33, 0x32, 0x37, 0x36, 0x35, 0x25,
	0x36, 0x33, 0x32, 0x17, 0x16, 0x15, 0x07, 0x14, 0x17, 0x23, 0x26, 0x27,
	0x06, 0x23, 0x22, 0x35, 0x34, 0x37, 0x36, 0x37, 0x36, 0x37, 0x35, 0x34,
	0x23, 0x22, 0x07, 0x3F, 0x01, 0x33, 0x07, 0x01, 0x3F, 0x1B, 0x11, 0x14,
	0x33, 0x62, 0x56, 0x4D, 0x22, 0x10, 0xFE, 0xCF, 0x2F, 0xA8, 0x86, 0x29,
	0x12, 0x01, 0x1C, 0x68, 0x0D, 0x05, 0x48, 0x5A, 0xA5, 0x5F, 0x21, 0x38,
	0x62, 0x25, 0x5E, 0x5D, 0x15, 0x15, 0x3D, 0x7C, 0x70, 0xED, 0x0A, 0x04,
	0x05, 0x08, 0x11, 0x39, 0x47, 0x3A, 0x1B, 0x37, 0x93, 0x8D, 0x47, 0x1F,
	0x51, 0xAD, 0x57, 0x32, 0x1C, 0x1C, 0x42, 0x8B, 0x5C, 0x26, 0x0C, 0x0A,
	0x0F, 0x0E, 0x0B, 0x5B, 0x4E, 0xE2, 0x84, 0x84, 0x00, 0x03, 0x00, 0x00,
	0xFF, 0xF6, 0x01, 0xC1, 0x02, 0xB4, 0x00, 0x0C, 0x00, 0x28, 0x00, 0x2C,
	0x00, 0x00, 0x25, 0x06, 0x07, 0x06, 0x07, 0x06, 0x15, 0x14, 0x33, 0x32,
	0x37, 0x36, 0x35, 0x25, 0x36, 0x33, 0x32, 0x17, 0x16, 0x15, 0x07, 0x14,
	0x17, 0x23, 0x26, 0x27, 0x06, 0x23, 0x22, 0x35, 0x34, 0x37, 0x36, 0x37,
	0x36, 0x37, 0x35, 0x34, 0x23, 0x22, 0x07, 0x37, 0x27, 0x33, 0x17, 0x01,
	0x3F, 0x1B, 0x11, 0x14, 0x33, 0x62, 0x56, 0x4D, 0x22, 0x10, 0xFE, 0xCF,
	0x2F, 0xA8, 0x86, 0x29, 0x12, 0x01, 0x1C, 0x68, 0x0D, 0x05, 0x48, 0x5A,
	0xA5, 0x5F, 0x21, 0x38, 0x62, 0x25, 0x5E, 0x5D, 0x15, 0x85, 0x71, 0x7D,
	0x3D, 0xED, 0x0A, 0x04, 0x05, 0x08, 0x11, 0x39, 0x47, 0x3A, 0x1B, 0x37,
	0x93, 0x8D, 0x47, 0x1F, 0x51, 0xAD, 0x57, 0x32, 0x1C, 0x1C, 0x42, 0x8B,
	0x5C, 0x26, 0x0C, 0x0A, 0x0F, 0x0E, 0x0B, 0x5B, 0x4E, 0xE2, 0x84, 0x84,
	0x00, 0x03, 0x00, 0x00, 0xFF, 0xF6, 0x01, 0xC1, 0x02, 0xB3, 0x00, 0x0C,
	0x00, 0x28, 0x00, 0x2F, 0x00, 0x00, 0x25, 0x06, 0x07, 0x06, 0x07, 0x06,
	0x15, 0x14, 0x33, 0x32, 0x37, 0x36, 0x35, 0x25, 0x36, 0x33, 0x32, 0x17,
	0x16, 0x15, 0x07, 0x14, 0x17, 0x23, 0x26, 0x27, 0x06, 0x23, 0x22, 0x35,
	0x34, 0x37, 0x36, 0x37, 0x36, 0x37, 0x35, 0x34, 0x23, 0x22, 0x07, 0x37,
	0x23, 0x37, 0x33, 0x17, 0x23, 0x27, 0x01, 0x3F, 0x1B, 0x11, 0x14, 0x33,
	0x62, 0x56, 0x4D, 0x22, 0x10, 0xFE, 0xCF, 0x2F, 0xA8, 0x86, 0x29, 0x12,
	0x01, 0x1C, 0x68, 0x0D, 0x05, 0x48, 0x5A, 0xA5, 0x5F, 0x21, 0x38, 0x62,
	0x25, 0x5E, 0x5D, 0x15, 0x3F, 0x62, 0x61, 0x65, 0x62, 0x61, 0x33, 0xED,
	0x0A, 0x04, 0x05, 0x08, 0x11, 0x39, 0x47, 0x3A, 0x1B, 0x37, 0x93, 0x8D,
	0x47, 0x1F, 0x51, 0xAD, 0x57, 0x32, 0x1C, 0x1C, 0x42, 0x8B, 0x5C, 0x26,
	0x0C, 0x0A, 0x0F, 0x0E, 0x0B, 0x5B, 0x4E, 0xE2, 0x83, 0x83, 0x49, 0x00,
	0x00, 0x04, 0x00, 0x00, 0xFF, 0xF6, 0x01, 0xC1, 0x02, 0x96, 0x00, 0x0C,
	0x00, 0x28, 0x00, 0x2C, 0x00, 0x30, 0x00, 0x00, 0x25, 0x06, 0x07, 0x06,
	0x07, 0x06, 0x15, 0x14, 0x33, 0x32, 0x37, 0x36, 0x35, 0x25, 0x36, 0x33,
	0x32, 0x17, 0x16, 0x15, 0x07, 0x14, 0x17, 0x23, 0x26, 0x27, 0x06, 0x23,
	0x22, 0x35, 0x34, 0x37, 0x36, 0x37, 0x36, 0x37, 0x35, 0x34, 0x23, 0x22,
	0x07, 0x13, 0x33, 0x15, 0x23, 0x27, 0x33, 0x15, 0x23, 0x01, 0x3F, 0x1B,
	0x11, 0x14, 0x33, 0x62, 0x56, 0x4D, 0x22, 0x10, 0xFE, 0xCF, 0x2F, 0xA8,
	0x86, 0x29, 0x12, 0x01, 0x1C, 0x68, 0x0D, 0x05, 0x48, 0x5A, 0xA5, 0x5F,
	0x21, 0x38, 0x62, 0x25, 0x5E, 0x5D, 0x15, 0x9C, 0x61, 0x61, 0xB5, 0x60,
	0x60, 0xED, 0x0A, 0x04, 0x05, 0x08, 0x11, 0x39, 0x47, 0x3A, 0x1B, 0x37,
	0x93, 0x8D, 0x47, 0x1F, 0x51, 0xAD, 0x57, 0x32, 0x1C, 0x1C, 0x42, 0x8B,
	0x5C, 0x26, 0x0C, 0x0A, 0x0F, 0x0E, 0x0B, 0x5B, 0x4E, 0x01, 0x48, 0x66,
	0x66, 0x65, 0x00, 0x00, 0x00, 0x03, 0x00, 0x00, 0xFF, 0xF6, 0x01, 0xC1,
	0x02, 0x9E, 0x00, 0x0C, 0x00, 0x28, 0x00, 0x3C, 0x00, 0x00, 0x25, 0x06,
	0x07, 0x06, 0x07, 0x06, 0x15, 0x14, 0x33, 0x32, 0x37, 0x36, 0x35, 0x25,
	0x36, 0x33, 0x32, 0x17, 0x16, 0x15, 0x07, 0x14, 0x17, 0x23, 0x26, 0x27,
	0x06, 0x23, 0x22, 0x35, 0x34, 0x37, 0x36, 0x37, 0x36, 0x37, 0x35, 0x34,
	0x23, 0x22, 0x07, 0x27, 0x35, 0x34, 0x33, 0x32, 0x17, 0x16, 0x33, 0x32,
	0x37, 0x33, 0x06, 0x23, 0x22, 0x27, 0x26, 0x23, 0x22, 0x1D, 0x01, 0x01,
	0x3F, 0x1B, 0x11, 0x14, 0x33, 0x62, 0x56, 0x4D, 0x22, 0x10, 0xFE, 0xCF,
	0x2F, 0xA8, 0x86, 0x29, 0x12, 0x01, 0x1C, 0x68, 0x0D, 0x05, 0x48, 0x5A,
	0xA5, 0x5F, 0x21, 0x38, 0x62, 0x25, 0x5E, 0x5D, 0x15, 0x29, 0x58, 0x1C,
	0x33, 0x21, 0x0D, 0x20, 0x04, 0x3B, 0x02, 0x54, 0x19, 0x2B, 0x2B, 0x12,
	0x21, 0xED, 0x0A, 0x04, 0x05, 0x08, 0x11, 0x39, 0x47, 0x3A, 0x1B, 0x37,
	0x93, 0x8D, 0x47, 0x1F, 0x51, 0xAD, 0x57, 0x32, 0x1C, 0x1C, 0x42, 0x8B,
	0x5C, 0x26, 0x0C, 0x0A, 0x0F, 0x0E, 0x0B, 0x5B, 0x4E, 0xE2, 0x09, 0x64,
	0x18, 0x0F, 0x28, 0x6D, 0x14, 0x15, 0x27, 0x03, 0x00, 0x04, 0x00, 0x00,
	0xFF, 0xF6, 0x01, 0xC1, 0x02, 0xDB, 0x00, 0x0C, 0x00, 0x28, 0x00, 0x30,
	0x00, 0x40, 0x00, 0x00, 0x25, 0x06, 0x07, 0x06, 0x07, 0x06, 0x15, 0x14,
	0x33, 0x32, 0x37, 0x36, 0x35, 0x25, 0x36, 0x33, 0x32, 0x17, 0x16, 0x15,
	0x07, 0x14, 0x17, 0x23, 0x26, 0x27, 0x06, 0x23, 0x22, 0x35, 0x34, 0x37,
	0x36, 0x37, 0x36, 0x37, 0x35, 0x34, 0x23, 0x22, 0x07, 0x12, 0x15, 0x14,
	0x33, 0x32, 0x35, 0x34, 0x23, 0x36, 0x17, 0x16, 0x15, 0x14, 0x07, 0x06,
	0x23, 0x22, 0x27, 0x26, 0x35, 0x34, 0x37, 0x36, 0x33, 0x01, 0x3F, 0x1B,
	0x11, 0x14, 0x33, 0x62, 0x56, 0x4D, 0x22, 0x10, 0xFE, 0xCF, 0x2F, 0xA8,
	0x86, 0x29, 0x12, 0x01, 0x1C, 0x68, 0x0D, 0x05, 0x48, 0x5A, 0xA5, 0x5F,
	0x21, 0x38, 0x62, 0x25, 0x5E, 0x5D, 0x15, 0x44, 0x2D, 0x2D, 0x2D, 0x23,
	0x19, 0x19, 0x19, 0x19, 0x23, 0x23, 0x19, 0x19, 0x19, 0x19, 0x23, 0xED,
	0x0A, 0x04, 0x05, 0x08, 0x11, 0x39, 0x47, 0x3A, 0x1B, 0x37, 0x93, 0x8D,
	0x47, 0x1F, 0x51, 0xAD, 0x57, 0x32, 0x1C, 0x1C, 0x42, 0x8B, 0x5C, 0x26,
	0x0C, 0x0A, 0x0F, 0x0E, 0x0B, 0x5B, 0x4E, 0x01, 0x65, 0x2E, 0x2D, 0x2D,
	0x2E, 0x28, 0x19, 0x19, 0x24, 0x23, 0x19, 0x19, 0x19, 0x19, 0x23, 0x24,
	0x19, 0x19, 0x00, 0x00, 0x00, 0x01, 0x00, 0x00, 0xFF, 0x41, 0x01, 0xB6,
	0x01, 0xED, 0x00, 0x28, 0x00, 0x00, 0x17, 0x32, 0x37, 0x33, 0x32, 0x15,
	0x14, 0x23, 0x22, 0x27, 0x37, 0x33, 0x16, 0x33, 0x32, 0x35, 0x34, 0x23,
	0x22, 0x07, 0x37, 0x26, 0x35, 0x34, 0x37, 0x36, 0x33, 0x32, 0x17, 0x07,
	0x26, 0x23, 0x22, 0x15, 0x14, 0x33, 0x32, 0x37, 0x17, 0x06, 0x07, 0xF0,
	0x03, 0x03, 0x05, 0x58, 0x98, 0x26, 0x1E, 0x02, 0x05, 0x24, 0x1A, 0x46,
	0x3C, 0x14, 0x0D, 0x11, 0xB6, 0x3D, 0x3C, 0x6B, 0xA9, 0x22, 0x66, 0x12,
	0x52, 0x7A, 0x78, 0x5D, 0x10, 0x66, 0x1D, 0xA3, 0x19, 0x01, 0x4B, 0x5C,
	0x07, 0x35, 0x03, 0x26, 0x22, 0x04, 0x3B, 0x1C, 0xDA, 0x77, 0x44, 0x43,
	0x99, 0x11, 0x58, 0xA6, 0xAC, 0x6B, 0x0F, 0x9F, 0x10, 0x00, 0x00, 0x00,
	0x00, 0x03, 0x00, 0x00, 0xFF, 0xF6, 0x01, 0xC1, 0x02, 0xB4, 0x00, 0x04,
	0x00, 0x1B, 0x00, 0x1F, 0x00, 0x00, 0x01, 0x26, 0x23, 0x22, 0x0F, 0x01,
	0x16, 0x33, 0x32, 0x37, 0x17, 0x06, 0x23, 0x22, 0x27, 0x26, 0x35, 0x34,
	0x37, 0x36, 0x33, 0x32, 0x17, 0x16, 0x15, 0x06, 0x1D, 0x01, 0x01, 0x37,
	0x33, 0x07, 0x01, 0x57, 0x08, 0x6C, 0x67, 0x0F, 0x02, 0x05, 0x79, 0x4D,
	0x1D, 0x69, 0x2C, 0xA9, 0x6C, 0x3D, 0x3E, 0x3D, 0x3D, 0x65, 0x6A, 0x3C,
	0x3C, 0x01, 0xFE, 0xC4, 0x3D, 0x7C, 0x70, 0x01, 0x1D, 0x7F, 0x7F, 0x48,
	0x90, 0x55, 0x0F, 0x95, 0x42, 0x41, 0x75, 0x74, 0x46, 0x45, 0x45, 0x46,
	0x7A, 0x03, 0x05, 0x0B, 0x01, 0x5B, 0x84, 0x84, 0x00, 0x03, 0x00, 0x00,
	0xFF, 0xF6, 0x01, 0xC1, 0x02, 0xB4, 0x00, 0x04, 0x00, 0x1B, 0x00, 0x1F,
	0x00, 0x00, 0x01, 0x26, 0x23, 0x22, 0x0F, 0x01, 0x16, 0x33, 0x32, 0x37,
	0x17, 0x06, 0x23, 0x22, 0x27, 0x26, 0x35, 0x34, 0x37, 0x36, 0x33, 0x32,
	0x17, 0x16, 0x15, 0x06, 0x1D, 0x01, 0x03, 0x27, 0x33, 0x17, 0x01, 0x57,
	0x08, 0x6C, 0x67, 0x0F, 0x02, 0x05, 0x79, 0x4D, 0x1D, 0x69, 0x2C, 0xA9,
	0x6C, 0x3D, 0x3E, 0x3D, 0x3D, 0x65, 0x6A, 0x3C, 0x3C, 0x01, 0xCC, 0x71,
	0x7D, 0x3D, 0x01, 0x1D, 0x7F, 0x7F, 0x48, 0x90, 0x55, 0x0F, 0x95, 0x42,
	0x41, 0x75, 0x74, 0x46, 0x45, 0x45, 0x46, 0x7A, 0x03, 0x05, 0x0B, 0x01,
	0x5B, 0x84, 0x84, 0x00, 0x00, 0x03, 0x00, 0x00, 0xFF, 0xF6, 0x01, 0xC1,
	0x02, 0xB3, 0x00, 0x04, 0x00, 0x1B, 0x00, 0x22, 0x00, 0x00, 0x01, 0x26,
	0x23, 0x22, 0x0F, 0x01, 0x16, 0x33, 0x32, 0x37, 0x17, 0x06, 0x23, 0x22,
	0x27, 0x26, 0x35, 0x34, 0x37, 0x36, 0x33, 0x32, 0x17, 0x16, 0x15, 0x06,
	0x1D, 0x01, 0x01, 0x23, 0x37, 0x33, 0x17, 0x23, 0x27, 0x01, 0x57, 0x08,
	0x6C, 0x67, 0x0F, 0x02, 0x05, 0x79, 0x4D, 0x1D, 0x69, 0x2C, 0xA9, 0x6C,
	0x3D, 0x3E, 0x3D, 0x3D, 0x65, 0x6A, 0x3C, 0x3C, 0x01, 0xFE, 0xEE, 0x62,
	0x61, 0x65, 0x62, 0x61, 0x33, 0x01, 0x1D, 0x7F, 0x7F, 0x48, 0x90, 0x55,
	0x0F, 0x95, 0x42, 0x41, 0x75, 0x74, 0x46, 0x45, 0x45, 0x46, 0x7A, 0x03,
	0x05, 0x0B, 0x01, 0x5B, 0x83, 0x83, 0x49, 0x00, 0x00, 0x04, 0x00, 0x00,
	0xFF, 0xF6, 0x01, 0xC1, 0x02, 0x96, 0x00, 0x04, 0x00, 0x1B, 0x00, 0x1F,
	0x00, 0x23, 0x00, 0x00, 0x01, 0x26, 0x23, 0x22, 0x0F, 0x01, 0x16, 0x33,
	0x32, 0x37, 0x17, 0x06, 0x23, 0x22, 0x27, 0x26, 0x35, 0x34, 0x37, 0x36,
	0x33, 0x32, 0x17, 0x16, 0x15, 0x06, 0x1D, 0x01, 0x03, 0x33, 0x15, 0x23,
	0x27, 0x33, 0x15, 0x23, 0x01, 0x57, 0x08, 0x6C, 0x67, 0x0F, 0x02, 0x05,
	0x79, 0x4D, 0x1D, 0x69, 0x2C, 0xA9, 0x6C, 0x3D, 0x3E, 0x3D, 0x3D, 0x65,
	0x6A, 0x3C, 0x3C, 0x01, 0xB5, 0x61, 0x61, 0xB5, 0x60, 0x60, 0x01, 0x1D,
	0x7F, 0x7F, 0x48, 0x90, 0x55, 0x0F, 0x95, 0x42, 0x41, 0x75, 0x74, 0x46,
	0x45, 0x45, 0x46, 0x7A, 0x03, 0x05, 0x0B, 0x01, 0xC1, 0x66, 0x66, 0x65,
	0x00, 0x02, 0x00, 0x00, 0x00, 0x00, 0x00, 0xB9, 0x02, 0xA9, 0x00, 0x03,
	0x00, 0x07, 0x00, 0x00, 0x13, 0x33, 0x11, 0x23, 0x03, 0x37, 0x33, 0x07,
	0x29, 0x67, 0x67, 0x29, 0x3D, 0x7C, 0x70, 0x01, 0xE2, 0xFE, 0x1E, 0x02,
	0x25, 0x84, 0x84, 0x00, 0x00, 0x02, 0x00, 0x00, 0x00, 0x00, 0x00, 0xBA,
	0x02, 0xA9, 0x00, 0x03, 0x00, 0x07, 0x00, 0x00, 0x13, 0x33, 0x11, 0x23,
	0x13, 0x27, 0x33, 0x17, 0x2A, 0x67, 0x67, 0x47, 0x71, 0x7D, 0x3D, 0x01,
	0xE2, 0xFE, 0x1E, 0x02, 0x25, 0x84, 0x84, 0x00, 0x00, 0x02, 0x00, 0x00,
	0x00, 0x00, 0x01, 0x28, 0x02, 0xA8, 0x00, 0x03, 0x00, 0x0A, 0x00, 0x00,
	0x13, 0x33, 0x11, 0x23, 0x13, 0x23, 0x37, 0x33, 0x17, 0x23, 0x27, 0x61,
	0x67, 0x67, 0x01, 0x62, 0x61, 0x65, 0x62, 0x61, 0x33, 0x01, 0xE2, 0xFE,
	0x1E, 0x02, 0x25, 0x83, 0x83, 0x49, 0x00, 0x00, 0x00, 0x03, 0x00, 0x00,
	0x00, 0x00, 0x01, 0x16, 0x02, 0x8B, 0x00, 0x03, 0x00, 0x07, 0x00, 0x0B,
	0x00, 0x00, 0x13, 0x33, 0x11, 0x23, 0x13, 0x33, 0x15, 0x23, 0x27, 0x33,
	0x15, 0x23, 0x57, 0x67, 0x67, 0x5E, 0x61, 0x61, 0xB5, 0x60, 0x60, 0x01,
	0xE2, 0xFE, 0x1E, 0x02, 0x8B, 0x66, 0x66, 0x65, 0x00, 0x02, 0x00, 0x00,
	0x00, 0x00, 0x01, 0x9F, 0x02, 0x9E, 0x00, 0x15, 0x00, 0x29, 0x00, 0x00,
	0x11, 0x33, 0x15, 0x36, 0x33, 0x32, 0x17, 0x16, 0x17, 0x16, 0x15, 0x11,
	0x23, 0x11, 0x34, 0x23, 0x22, 0x07, 0x06, 0x1D, 0x01, 0x23, 0x13, 0x35,
	0x34, 0x33, 0x32, 0x17, 0x16, 0x33, 0x32, 0x37, 0x33, 0x06, 0x23, 0x22,
	0x27, 0x26, 0x23, 0x22, 0x1D, 0x01, 0x5F, 0x38, 0x66, 0x64, 0x27, 0x10,
	0x04, 0x03, 0x67, 0x5C, 0x44, 0x1D, 0x14, 0x67, 0x35, 0x58, 0x1C, 0x33,
	0x21, 0x0D, 0x20, 0x04, 0x3B, 0x02, 0x54, 0x19, 0x2B, 0x2B, 0x12, 0x21,
	0x01, 0xE2, 0x45, 0x50, 0x45, 0x1E, 0x14, 0x15, 0x48, 0xFE, 0xE7, 0x01,
	0x0F, 0x8B, 0x36, 0x25, 0x4D, 0xF2, 0x02, 0x30, 0x09, 0x64, 0x18, 0x0F,
	0x28, 0x6D, 0x14, 0x15, 0x27, 0x03, 0x00, 0x00, 0x00, 0x03, 0x00, 0x00,
	0xFF, 0xF6, 0x01, 0xDA, 0x02, 0xB4, 0x00, 0x09, 0x00, 0x19, 0x00, 0x1D,
	0x00, 0x00, 0x36, 0x33, 0x32, 0x37, 0x36, 0x35, 0x34, 0x23, 0x22, 0x15,
	0x26, 0x37, 0x36, 0x33, 0x32, 0x17, 0x16, 0x15, 0x14, 0x07, 0x06, 0x23,
	0x22, 0x27, 0x26, 0x35, 0x13, 0x37, 0x33, 0x07, 0x6A, 0x83, 0x3B, 0x24,
	0x24, 0x83, 0x83, 0x6A, 0x41, 0x40, 0x6C, 0x6A, 0x42, 0x41, 0x42, 0x41,
	0x6A, 0x6B, 0x41, 0x41, 0x91, 0x3D, 0x7C, 0x70, 0x49, 0x2E, 0x2D, 0x4B,
	0xAA, 0xA8, 0x70, 0x46, 0x46, 0x45, 0x45, 0x71, 0x71, 0x46, 0x45, 0x43,
	0x43, 0x6F, 0x01, 0x45, 0x84, 0x84, 0x00, 0x00, 0x00, 0x03, 0x00, 0x00,
	0xFF, 0xF6, 0x01, 0xDA, 0x02, 0xB4, 0x00, 0x09, 0x00, 0x19, 0x00, 0x1D,
	0x00, 0x00, 0x36, 0x33, 0x32, 0x37, 0x36, 0x35, 0x34, 0x23, 0x22, 0x15,
	0x26, 0x37, 0x36, 0x33, 0x32, 0x17, 0x16, 0x15, 0x14, 0x07, 0x06, 0x23,
	0x22, 0x27, 0x26, 0x35, 0x01, 0x27, 0x33, 0x17, 0x6A, 0x83, 0x3B, 0x24,
	0x24, 0x83, 0x83, 0x6A, 0x41, 0x40, 0x6C, 0x6A, 0x42, 0x41, 0x42, 0x41,
	0x6A, 0x6B, 0x41, 0x41, 0x01, 0x01, 0x71, 0x7D, 0x3D, 0x49, 0x2E, 0x2D,
	0x4B, 0xAA, 0xA8, 0x70, 0x46, 0x46, 0x45, 0x45, 0x71, 0x71, 0x46, 0x45,
	0x43, 0x43, 0x6F, 0x01, 0x45, 0x84, 0x84, 0x00, 0x00, 0x03, 0x00, 0x00,
	0xFF, 0xF6, 0x01, 0xDA, 0x02, 0xB3, 0x00, 0x09, 0x00, 0x19, 0x00, 0x20,
	0x00, 0x00, 0x36, 0x33, 0x32, 0x37, 0x36, 0x35, 0x34, 0x23, 0x22, 0x15,
	0x26, 0x37, 0x36, 0x33, 0x32, 0x17, 0x16, 0x15, 0x14, 0x07, 0x06, 0x23,
	0x22, 0x27, 0x26, 0x35, 0x13, 0x23, 0x37, 0x33, 0x17, 0x23, 0x27, 0x6A,
	0x83, 0x3B, 0x24, 0x24, 0x83, 0x83, 0x6A, 0x41, 0x40, 0x6C, 0x6A, 0x42,
	0x41, 0x42, 0x41, 0x6A, 0x6B, 0x41, 0x41, 0xBB, 0x62, 0x61, 0x65, 0x62,
	0x61, 0x33, 0x49, 0x2E, 0x2D, 0x4B, 0xAA, 0xA8, 0x70, 0x46, 0x46, 0x45,
	0x45, 0x71, 0x71, 0x46, 0x45, 0x43, 0x43, 0x6F, 0x01, 0x45, 0x83, 0x83,
	0x49, 0x00, 0x00, 0x00, 0x00, 0x04, 0x00, 0x00, 0xFF, 0xF6, 0x01, 0xDA,
	0x02, 0x96, 0x00, 0x09, 0x00, 0x19, 0x00, 0x1D, 0x00, 0x21, 0x00, 0x00,
	0x36, 0x33, 0x32, 0x37, 0x36, 0x35, 0x34, 0x23, 0x22, 0x15, 0x26, 0x37,
	0x36, 0x33, 0x32, 0x17, 0x16, 0x15, 0x14, 0x07, 0x06, 0x23, 0x22, 0x27,
	0x26, 0x35, 0x01, 0x33, 0x15, 0x23, 0x27, 0x33, 0x15, 0x23, 0x6A, 0x83,
	0x3B, 0x24, 0x24, 0x83, 0x83, 0x6A, 0x41, 0x40, 0x6C, 0x6A, 0x42, 0x41,
	0x42, 0x41, 0x6A, 0x6B, 0x41, 0x41, 0x01, 0x17, 0x61, 0x61, 0xB5, 0x60,
	0x60, 0x49, 0x2E, 0x2D, 0x4B, 0xAA, 0xA8, 0x70, 0x46, 0x46, 0x45, 0x45,
	0x71, 0x71, 0x46, 0x45, 0x43, 0x43, 0x6F, 0x01, 0xAB, 0x66, 0x66, 0x65,
	0x00, 0x03, 0x00, 0x00, 0xFF, 0xF6, 0x01, 0xDA, 0x02, 0x9E, 0x00, 0x09,
	0x00, 0x19, 0x00, 0x2D, 0x00, 0x00, 0x36, 0x33, 0x32, 0x37, 0x36, 0x35,
	0x34, 0x23, 0x22, 0x15, 0x26, 0x37, 0x36, 0x33, 0x32, 0x17, 0x16, 0x15,
	0x14, 0x07, 0x06, 0x23, 0x22, 0x27, 0x26, 0x35, 0x13, 0x35, 0x34, 0x33,
	0x32, 0x17, 0x16, 0x33, 0x32, 0x37, 0x33, 0x06, 0x23, 0x22, 0x27, 0x26,
	0x23, 0x22, 0x1D, 0x01, 0x6A, 0x83, 0x3B, 0x24, 0x24, 0x83, 0x83, 0x6A,
	0x41, 0x40, 0x6C, 0x6A, 0x42, 0x41, 0x42, 0x41, 0x6A, 0x6B, 0x41, 0x41,
	0x53, 0x58, 0x1C, 0x33, 0x21, 0x0D, 0x20, 0x04, 0x3B, 0x02, 0x54, 0x19,
	0x2B, 0x2B, 0x12, 0x21, 0x49, 0x2E, 0x2D, 0x4B, 0xAA, 0xA8, 0x70, 0x46,
	0x46, 0x45, 0x45, 0x71, 0x71, 0x46, 0x45, 0x43, 0x43, 0x6F, 0x01, 0x45,
	0x09, 0x64, 0x18, 0x0F, 0x28, 0x6D, 0x14, 0x15, 0x27, 0x03, 0x00, 0x00,
	0x00, 0x02, 0x00, 0x00, 0xFF, 0xF6, 0x01, 0x9E, 0x02, 0xA9, 0x00, 0x13,
	0x00, 0x17, 0x00, 0x00, 0x21, 0x27, 0x06, 0x23, 0x22, 0x27, 0x26, 0x35,
	0x11, 0x33, 0x11, 0x14, 0x33, 0x32, 0x37, 0x36, 0x3D, 0x01, 0x33, 0x11,
	0x01, 0x37, 0x33, 0x07, 0x01, 0x40, 0x01, 0x37, 0x66, 0x64, 0x27, 0x17,
	0x68, 0x5B, 0x44, 0x1D, 0x13, 0x67, 0xFE, 0xD5, 0x3D, 0x7C, 0x70, 0x47,
	0x51, 0x43, 0x2A, 0x51, 0x01, 0x2E, 0xFE, 0xEF, 0x89, 0x35, 0x23, 0x59,
	0xE9, 0xFE, 0x1E, 0x02, 0x25, 0x84, 0x84, 0x00, 0x00, 0x02, 0x00, 0x00,
	0xFF, 0xF6, 0x01, 0x9E, 0x02, 0xA9, 0x00, 0x13, 0x00, 0x17, 0x00, 0x00,
	0x21, 0x27, 0x06, 0x23, 0x22, 0x27, 0x26, 0x35, 0x11, 0x33, 0x11, 0x14,
	0x33, 0x32, 0x37, 0x36, 0x3D, 0x01, 0x33, 0x11, 0x03, 0x27, 0x33, 0x17,
	0x01, 0x40, 0x01, 0x37, 0x66, 0x64, 0x27, 0x17, 0x68, 0x5B, 0x44, 0x1D,
	0x13, 0x67, 0xBB, 0x71, 0x7D, 0x3D, 0x47, 0x51, 0x43, 0x2A, 0x51, 0x01,
	0x2E, 0xFE, 0xEF, 0x89, 0x35, 0x23, 0x59, 0xE9, 0xFE, 0x1E, 0x02, 0x25,
	0x84, 0x84, 0x00, 0x00, 0x00, 0x02, 0x00, 0x00, 0xFF, 0xF6, 0x01, 0x9E,
	0x02, 0xA8, 0x00, 0x13, 0x00, 0x1A, 0x00, 0x00, 0x21, 0x27, 0x06, 0x23,
	0x22, 0x27, 0x26, 0x35, 0x11, 0x33, 0x11, 0x14, 0x33, 0x32, 0x37, 0x36,
	0x3D, 0x01, 0x33, 0x11, 0x01, 0x23, 0x37, 0x33, 0x17, 0x23, 0x27, 0x01,
	0x40, 0x01, 0x37, 0x66, 0x64, 0x27, 0x17, 0x68, 0x5B, 0x44, 0x1D, 0x13,
	0x67, 0xFE, 0xFF, 0x62, 0x61, 0x65, 0x62, 0x61, 0x33, 0x47, 0x51, 0x43,
	0x2A, 0x51, 0x01, 0x2E, 0xFE, 0xEF, 0x89, 0x35, 0x23, 0x59, 0xE9, 0xFE,
	0x1E, 0x02, 0x25, 0x83, 0x83, 0x49, 0x00, 0x00, 0x00, 0x03, 0x00, 0x00,
	0xFF, 0xF6, 0x01, 0x9E, 0x02, 0x8B, 0x00, 0x13, 0x00, 0x17, 0x00, 0x1B,
	0x00, 0x00, 0x21, 0x27, 0x06, 0x23, 0x22, 0x27, 0x26, 0x35, 0x11, 0x33,
	0x11, 0x14, 0x33, 0x32, 0x37, 0x36, 0x3D, 0x01, 0x33, 0x11, 0x03, 0x33,
	0x15, 0x23, 0x27, 0x33, 0x15, 0x23, 0x01, 0x40, 0x01, 0x37, 0x66, 0x64,
	0x27, 0x17, 0x68, 0x5B, 0x44, 0x1D, 0x13, 0x67, 0xA5, 0x61, 0x61, 0xB5,
	0x60, 0x60, 0x47, 0x51, 0x43, 0x2A, 0x51, 0x01, 0x2E, 0xFE, 0xEF, 0x89,
	0x35, 0x23, 0x59, 0xE9, 0xFE, 0x1E, 0x02, 0x8B, 0x66, 0x66, 0x65, 0x00,
	0x00, 0x02, 0x00, 0x00, 0x01, 0x83, 0x01, 0x2D, 0x02, 0xA8, 0x00, 0x0F,
	0x00, 0x1F, 0x00, 0x00, 0x12, 0x07, 0x06, 0x15, 0x14, 0x17, 0x16, 0x33,
	0x32, 0x37, 0x36, 0x35, 0x34, 0x27, 0x26, 0x23, 0x36, 0x17, 0x16, 0x15,
	0x14, 0x07, 0x06, 0x23, 0x22, 0x27, 0x26, 0x35, 0x34, 0x37, 0x36, 0x33,
	0x6E, 0x1C, 0x1C, 0x1C, 0x1C, 0x28, 0x28, 0x1D, 0x1C, 0x1C, 0x1D, 0x28,
	0x3F, 0x2C, 0x2C, 0x2C, 0x2C, 0x3E, 0x3E, 0x2D, 0x2C, 0x2C, 0x2D, 0x3E,
	0x02, 0x77, 0x1D, 0x1C, 0x28, 0x29, 0x1C, 0x1D, 0x1D, 0x1C, 0x29, 0x28,
	0x1C, 0x1D, 0x31, 0x2B, 0x2A, 0x3D, 0x3D, 0x2B, 0x2B, 0x2B, 0x2B, 0x3D,
	0x3C, 0x2B, 0x2B, 0x00, 0x00, 0x04, 0x00, 0x00, 0x01, 0x71, 0x01, 0x8B,
	0x02, 0xF8, 0x00, 0x06, 0x00, 0x1B, 0x00, 0x2B, 0x00, 0x3B, 0x00, 0x00,
	0x13, 0x33, 0x32, 0x35, 0x34, 0x2B, 0x01, 0x37, 0x32, 0x15, 0x14, 0x07,
	0x15, 0x17, 0x16, 0x1F, 0x01, 0x16, 0x17, 0x23, 0x26, 0x27, 0x26, 0x2B,
	0x01, 0x15, 0x23, 0x35, 0x36, 0x07, 0x06, 0x15, 0x14, 0x17, 0x16, 0x33,
	0x32, 0x37, 0x36, 0x35, 0x34, 0x27, 0x26, 0x23, 0x36, 0x17, 0x16, 0x15,
	0x14, 0x07, 0x06, 0x23, 0x22, 0x27, 0x26, 0x35, 0x34, 0x37, 0x36, 0x33,
	0x99, 0x2C, 0x32, 0x2E, 0x30, 0x37, 0x4C, 0x15, 0x09, 0x07, 0x03, 0x02,
	0x01, 0x04, 0x25, 0x05, 0x02, 0x02, 0x2E, 0x2B, 0x27, 0x10, 0x2F, 0x2F,
	0x2F, 0x2F, 0x43, 0x42, 0x2F, 0x2F, 0x2F, 0x2F, 0x42, 0x52, 0x39, 0x3A,
	0x3A, 0x3A, 0x51, 0x52, 0x3A, 0x3A, 0x3A, 0x3A, 0x52, 0x02, 0x41, 0x1D,
	0x1E, 0x1E, 0x39, 0x16, 0x14, 0x09, 0x0B, 0x09, 0x21, 0x16, 0x05, 0x0C,
	0x0A, 0x17, 0x30, 0x51, 0xC8, 0x3A, 0x2F, 0x2E, 0x43, 0x42, 0x2F, 0x2F,
	0x2F, 0x2F, 0x42, 0x43, 0x2E, 0x2F, 0x23, 0x39, 0x39, 0x51, 0x50, 0x3A,
	0x39, 0x39, 0x3A, 0x50, 0x51, 0x3A, 0x39, 0x00, 0x00, 0x03, 0x00, 0x00,
	0xFF, 0xF3, 0x02, 0xB7, 0x02, 0xA8, 0x00, 0x19, 0x00, 0x29, 0x00, 0x39,
	0x00, 0x00, 0x01, 0x06, 0x07, 0x06, 0x23, 0x22, 0x27, 0x26, 0x35, 0x34,
	0x37, 0x36, 0x33, 0x32, 0x17, 0x16, 0x17, 0x23, 0x26, 0x23, 0x22, 0x15,
	0x14, 0x33, 0x32, 0x37, 0x02, 0x07, 0x06, 0x15, 0x14, 0x17, 0x16, 0x33,
	0x32, 0x37, 0x36, 0x27, 0x34, 0x27, 0x26, 0x23, 0x36, 0x17, 0x16, 0x15,
	0x14, 0x07, 0x06, 0x23, 0x22, 0x27, 0x26, 0x35, 0x34, 0x37, 0x36, 0x33,
	0x02, 0x1A, 0x06, 0x32, 0x33, 0x4E, 0x58, 0x36, 0x36, 0x37, 0x37, 0x59,
	0x47, 0x33, 0x32, 0x05, 0x3D, 0x13, 0x62, 0x87, 0x86, 0x6C, 0x0E, 0xFC,
	0x57, 0x57, 0x57, 0x57, 0x7B, 0x7A, 0x57, 0x57, 0x01, 0x56, 0x57, 0x7A,
	0x90, 0x66, 0x66, 0x66, 0x66, 0x90, 0x8F, 0x66, 0x66, 0x66, 0x66, 0x90,
	0x01, 0x28, 0x4C, 0x2E, 0x2E, 0x3A, 0x39, 0x5D, 0x5D, 0x3A, 0x3A, 0x28,
	0x28, 0x3D, 0x59, 0x9D, 0x9C, 0x74, 0x01, 0x50, 0x58, 0x57, 0x7C, 0x7C,
	0x58, 0x58, 0x58, 0x58, 0x7C, 0x7C, 0x57, 0x58, 0x30, 0x66, 0x66, 0x8F,
	0x90, 0x65, 0x65, 0x65, 0x66, 0x8F, 0x8F, 0x66, 0x66, 0x00, 0x00, 0x00,
	0x00, 0x02, 0x00, 0x00, 0x01, 0x0A, 0x03, 0x1B, 0x02, 0x9A, 0x00, 0x07,
	0x00, 0x14, 0x00, 0x00, 0x01, 0x23, 0x11, 0x23, 0x11, 0x23, 0x35, 0x21,
	0x01, 0x23, 0x11, 0x03, 0x23, 0x03, 0x11, 0x23, 0x11, 0x33, 0x1B, 0x01,
	0x33, 0x01, 0x45, 0x82, 0x3F, 0x84, 0x01, 0x45, 0x01, 0xD6, 0x38, 0x8A,
	0x24, 0x86, 0x3A, 0x5B, 0x76, 0x7C, 0x59, 0x02, 0x66, 0xFE, 0xA5, 0x01,
	0x5B, 0x34, 0xFE, 0x71, 0x01, 0x54, 0xFE, 0xAB, 0x01, 0x55, 0xFE, 0xAC,
	0x01, 0x8F, 0xFE, 0xDE, 0x01, 0x22, 0x00, 0x00, 0x00, 0x01, 0x00, 0x00,
	0x00, 0x54, 0x01, 0xE7, 0x02, 0x3B, 0x00, 0x13, 0x00, 0x00, 0x01, 0x17,
	0x07, 0x33, 0x15, 0x23, 0x07, 0x33, 0x15, 0x21, 0x07, 0x27, 0x37, 0x23,
	0x35, 0x33, 0x37, 0x23, 0x35, 0x21, 0x01, 0x48, 0x3B, 0x31, 0x95, 0xB4,
	0x35, 0xE9, 0xFE, 0xF8, 0x43, 0x3A, 0x36, 0x98, 0xB8, 0x34, 0xEB, 0x01,
	0x0A, 0x02, 0x3B, 0x18, 0x62, 0x3F, 0x69, 0x3F, 0x86, 0x18, 0x6E, 0x3F,
	0x68, 0x40, 0x00, 0x00, 0x00, 0x03, 0x00, 0x00, 0x00, 0xB3, 0x02, 0x9F,
	0x01, 0xEC, 0x00, 0x07, 0x00, 0x0F, 0x00, 0x27, 0x00, 0x00, 0x12, 0x23,
	0x22, 0x15, 0x14, 0x33, 0x32, 0x37, 0x16, 0x33, 0x32, 0x35, 0x34, 0x23,
	0x22, 0x07, 0x36, 0x33, 0x32, 0x17, 0x16, 0x15, 0x14, 0x07, 0x06, 0x23,
	0x22, 0x27, 0x06, 0x23, 0x22, 0x27, 0x26, 0x35, 0x34, 0x37, 0x36, 0x33,
	0x32, 0x17, 0xDC, 0x44, 0x5A, 0x58, 0x45, 0x4C, 0x9A, 0x46, 0x59, 0x5B,
	0x42, 0x4C, 0x29, 0x64, 0x45, 0x2B, 0x2B, 0x2B, 0x2A, 0x43, 0x61, 0x57,
	0x56, 0x60, 0x43, 0x2B, 0x2B, 0x2B, 0x2C, 0x43, 0x60, 0x55, 0x01, 0xAD,
	0x5D, 0x5D, 0x5D, 0x5D, 0x5B, 0x5F, 0x5D, 0x9C, 0x2A, 0x2B, 0x45, 0x46,
	0x2D, 0x2C, 0x6C, 0x6C, 0x2C, 0x2C, 0x45, 0x44, 0x2C, 0x2C, 0x6B, 0x00,
	0x00, 0x02, 0x00, 0x00, 0x00, 0x3F, 0x01, 0xE1, 0x02, 0x64, 0x00, 0x03,
	0x00, 0x0F, 0x00, 0x00, 0x25, 0x15, 0x21, 0x35, 0x13, 0x35, 0x33, 0x15,
	0x33, 0x15, 0x23, 0x15, 0x23, 0x35, 0x23, 0x35, 0x01, 0xE1, 0xFE, 0x1F,
	0xD0, 0x41, 0xD0, 0xCF, 0x41, 0xD1, 0x80, 0x41, 0x41, 0x01, 0x21, 0xC3,
	0xC2, 0x42, 0xB6, 0xB6, 0x41, 0x00, 0x00, 0x00, 0x00, 0x02, 0x00, 0x00,
	0x00, 0x1E, 0x01, 0xE1, 0x02, 0x62, 0x00, 0x03, 0x00, 0x0A, 0x00, 0x00,
	0x25, 0x21, 0x35, 0x21, 0x11, 0x0D, 0x01, 0x15, 0x25, 0x35, 0x25, 0x01,
	0xE1, 0xFE, 0x1F, 0x01, 0xE1, 0xFE, 0x73, 0x01, 0x8D, 0xFE, 0x1F, 0x01,
	0xE1, 0x1E, 0x4B, 0x01, 0xB3, 0xAC, 0xA8, 0x46, 0xCA, 0x47, 0xCF, 0x00,
	0x00, 0x02, 0x00, 0x00, 0x00, 0x1E, 0x01, 0xE1, 0x02, 0x62, 0x00, 0x03,
	0x00, 0x0A, 0x00, 0x00, 0x25, 0x21, 0x35, 0x21, 0x2D, 0x02, 0x35, 0x05,
	0x15, 0x05, 0x01, 0xE1, 0xFE, 0x1F, 0x01, 0xE1, 0xFE, 0x1F, 0x01, 0x8D,
	0xFE, 0x73, 0x01, 0xE1, 0xFE, 0x1F, 0x1E, 0x4B, 0x5F, 0xAC, 0xA8, 0x46,
	0xCA, 0x47, 0xD0, 0x00, 0x00, 0x01, 0x00, 0x00, 0xFF, 0x58, 0x01, 0x99,
	0x01, 0xE3, 0x00, 0x15, 0x00, 0x00, 0x11, 0x33, 0x11, 0x14, 0x17, 0x16,
	0x33, 0x32, 0x37, 0x36, 0x35, 0x11, 0x33, 0x11, 0x23, 0x35, 0x06, 0x23,
	0x22, 0x27, 0x15, 0x23, 0x4E, 0x28, 0x23, 0x30, 0x3A, 0x23, 0x24, 0x4F,
	0x4E, 0x2E, 0x54, 0x4E, 0x2D, 0x4E, 0x01, 0xE3, 0xFE, 0xF1, 0x55, 0x28,
	0x23, 0x2F, 0x2E, 0x4B, 0x01, 0x07, 0xFE, 0x1D, 0x50, 0x5D, 0x49, 0xE4,
	0x00, 0x02, 0x00, 0x00, 0xFF, 0xF5, 0x01, 0xBB, 0x02, 0xA4, 0x00, 0x0F,
	0x00, 0x2C, 0x00, 0x00, 0x12, 0x07, 0x06, 0x15, 0x14, 0x17, 0x16, 0x33,
	0x32, 0x37, 0x36, 0x35, 0x34, 0x27, 0x26, 0x23, 0x36, 0x27, 0x26, 0x27,
	0x26, 0x27, 0x37, 0x16, 0x17, 0x16, 0x17, 0x16, 0x17, 0x16, 0x15, 0x14,
	0x07, 0x06, 0x23, 0x22, 0x27, 0x26, 0x35, 0x34, 0x37, 0x36, 0x33, 0x32,
	0x17, 0xA0, 0x2D, 0x2D, 0x2C, 0x2D, 0x3E, 0x40, 0x2B, 0x2C, 0x2A, 0x2A,
	0x40, 0x86, 0x13, 0x23, 0x2E, 0x4F, 0x6A, 0x10, 0x3A, 0x27, 0x5B, 0x42,
	0x39, 0x1B, 0x10, 0x3D, 0x3C, 0x67, 0x5C, 0x3F, 0x40, 0x40, 0x3F, 0x5A,
	0x4C, 0x47, 0x01, 0x75, 0x2F, 0x2F, 0x43, 0x42, 0x2F, 0x30, 0x2F, 0x30,
	0x44, 0x45, 0x2D, 0x2D, 0x2D, 0x27, 0x49, 0x22, 0x3A, 0x0B, 0x2B, 0x05,
	0x0E, 0x21, 0x4B, 0x44, 0x5E, 0x36, 0x44, 0x7F, 0x4A, 0x4B, 0x41, 0x41,
	0x5E, 0x5C, 0x41, 0x42, 0x40, 0x00, 0x00, 0x00, 0x00, 0x01, 0x00, 0x00,
	0xFF, 0x06, 0x02, 0x4C, 0x02, 0xEE, 0x00, 0x0F, 0x00, 0x00, 0x01, 0x23,
	0x27, 0x21, 0x13, 0x01, 0x21, 0x37, 0x33, 0x15, 0x21, 0x35, 0x09, 0x01,
	0x35, 0x21, 0x02, 0x43, 0x39, 0x08, 0xFE, 0x52, 0xFF, 0xFE, 0xFE, 0x01,
	0xBC, 0x05, 0x3A, 0xFD, 0xB4, 0x01, 0x04, 0xFE, 0xFC, 0x02, 0x43, 0x02,
	0x0C, 0xAC, 0xFE, 0x57, 0xFE, 0x2D, 0xAD, 0xE3, 0x3A, 0x01, 0xD1, 0x01,
	0xA4, 0x39, 0x00, 0x00, 0x00, 0x01, 0x00, 0x00, 0xFF, 0x06, 0x02, 0x9C,
	0x02, 0xEE, 0x00, 0x13, 0x00, 0x00, 0x01, 0x15, 0x23, 0x11, 0x33, 0x15,
	0x23, 0x35, 0x33, 0x11, 0x21, 0x11, 0x33, 0x15, 0x23, 0x35, 0x33, 0x11,
	0x23, 0x35, 0x02, 0x9C, 0x5B, 0x5A, 0xFC, 0x5D, 0xFE, 0xA3, 0x5C, 0xFB,
	0x5B, 0x5B, 0x02, 0xEE, 0x35, 0xFC, 0x83, 0x36, 0x35, 0x03, 0x7D, 0xFC,
	0x84, 0x36, 0x35, 0x03, 0x7D, 0x36, 0x00, 0x00, 0x00, 0x01, 0x00, 0x00,
	0x00, 0x00, 0x02, 0x04, 0x01, 0xFB, 0x00, 0x0B, 0x00, 0x00, 0x13, 0x23,
	0x35, 0x21, 0x15, 0x23, 0x11, 0x23, 0x11, 0x23, 0x11, 0x23, 0x43, 0x43,
	0x02, 0x04, 0x42, 0x4F, 0xE1, 0x4F, 0x01, 0xBA, 0x41, 0x40, 0xFE, 0x45,
	0x01, 0xBA, 0xFE, 0x46, 0x00, 0x01, 0x00, 0x00, 0xFF, 0x06, 0x01, 0x5E,
	0x02, 0xEE, 0x00, 0x1E, 0x00, 0x00, 0x01, 0x26, 0x3D, 0x01, 0x34, 0x23,
	0x22, 0x07, 0x06, 0x15, 0x11, 0x14, 0x23, 0x22, 0x27, 0x33, 0x15, 0x14,
	0x33, 0x32, 0x37, 0x36, 0x35, 0x11, 0x34, 0x37, 0x36, 0x33, 0x32, 0x1F,
	0x01, 0x01, 0x24, 0x01, 0x27, 0x1A, 0x07, 0x08, 0x67, 0x68, 0x04, 0x3D,
	0x2D, 0x1C, 0x06, 0x07, 0x0C, 0x16, 0x43, 0x5B, 0x0A, 0x01, 0x02, 0x5E,
	0x07, 0x05, 0x08, 0x56, 0x11, 0x11, 0x3A, 0xFD, 0x24, 0x8A, 0x9C, 0x16,
	0x60, 0x15, 0x13, 0x4F, 0x02, 0x83, 0x6A, 0x1F, 0x3F, 0x82, 0x0E, 0x00,
	0x00, 0x01, 0x00, 0x00, 0x00, 0x00, 0x02, 0x8A, 0x02, 0xAB, 0x00, 0x21,
	0x00, 0x00, 0x35, 0x33, 0x26, 0x35, 0x34, 0x37, 0x36, 0x33, 0x32, 0x17,
	0x16, 0x15, 0x14, 0x07, 0x33, 0x15, 0x21, 0x35, 0x36, 0x37, 0x36, 0x35,
	0x34, 0x27, 0x26, 0x23, 0x22, 0x07, 0x06, 0x15, 0x14, 0x17, 0x15, 0x21,
	0xB8, 0xB0, 0x5B, 0x5B, 0x87, 0x87, 0x5B, 0x5B, 0xB0, 0xB8, 0xFE, 0xED,
	0x53, 0x2A, 0x38, 0x42, 0x42, 0x62, 0x65, 0x42, 0x41, 0xB5, 0xFE, 0xED,
	0x48, 0x66, 0xBC, 0x89, 0x5C, 0x5C, 0x5C, 0x5C, 0x89, 0xBB, 0x67, 0x48,
	0x44, 0x2E, 0x3A, 0x4E, 0x68, 0x6D, 0x49, 0x4A, 0x48, 0x48, 0x70, 0xBC,
	0x62, 0x44, 0x00, 0x00, 0x00, 0x01, 0x00, 0x00, 0x00, 0x00, 0x01, 0xE1,
	0x01, 0x0C, 0x00, 0x05, 0x00, 0x00, 0x25, 0x21, 0x35, 0x21, 0x11, 0x23,
	0x01, 0xA5, 0xFE, 0x5B, 0x01, 0xE1, 0x3C, 0xD1, 0x3B, 0xFE, 0xF4, 0x00,
	0x00, 0x01, 0x00, 0x00, 0xFF, 0xF2, 0x02, 0x60, 0x03, 0x14, 0x00, 0x09,
	0x00, 0x00, 0x01, 0x23, 0x01, 0x03, 0x23, 0x35, 0x33, 0x17, 0x13, 0x33,
	0x02, 0x60, 0x8E, 0xFE, 0xE1, 0x6C, 0x47, 0x72, 0x44, 0xEE, 0xBC, 0x02,
	0xDF, 0xFD, 0x13, 0x01, 0x3E, 0x35, 0xDD, 0x02, 0x8C, 0x00, 0x00, 0x00,
	0x00, 0x02, 0x00, 0x00, 0x00, 0xAC, 0x01, 0xE7, 0x02, 0x06, 0x00, 0x15,
	0x00, 0x2B, 0x00, 0x00, 0x01, 0x06, 0x23, 0x22, 0x27, 0x26, 0x27, 0x26,
	0x23, 0x22, 0x07, 0x27, 0x36, 0x33, 0x32, 0x17, 0x16, 0x17, 0x16, 0x33,
	0x32, 0x3F, 0x01, 0x06, 0x23, 0x22, 0x27, 0x26, 0x27, 0x26, 0x23, 0x22,
	0x07, 0x27, 0x36, 0x33, 0x32, 0x17, 0x16, 0x17, 0x16, 0x33, 0x32, 0x37,
	0x01, 0xE7, 0x42, 0x43, 0x1D, 0x54, 0x38, 0x12, 0x10, 0x0F, 0x30, 0x32,
	0x26, 0x43, 0x42, 0x21, 0x5C, 0x2E, 0x13, 0x12, 0x0B, 0x30, 0x30, 0x27,
	0x42, 0x43, 0x1D, 0x54, 0x39, 0x12, 0x0F, 0x0F, 0x30, 0x32, 0x26, 0x43,
	0x42, 0x21, 0x5C, 0x2E, 0x13, 0x12, 0x0B, 0x2F, 0x31, 0x01, 0x2F, 0x74,
	0x26, 0x19, 0x06, 0x06, 0x5A, 0x27, 0x73, 0x29, 0x15, 0x06, 0x07, 0x5A,
	0x8B, 0x74, 0x26, 0x19, 0x07, 0x05, 0x59, 0x26, 0x73, 0x29, 0x15, 0x06,
	0x07, 0x5A, 0x00, 0x00, 0x00, 0x02, 0x00, 0x00, 0x00, 0x00, 0x02, 0x92,
	0x02, 0x9A, 0x00, 0x02, 0x00, 0x06, 0x00, 0x00, 0x25, 0x0B, 0x01, 0x07,
	0x01, 0x33, 0x01, 0x02, 0x2D, 0xE7, 0xE3, 0x63, 0x01, 0x19, 0x5A, 0x01,
	0x1F, 0x3C, 0x02, 0x18, 0xFD, 0xE8, 0x3C, 0x02, 0x9A, 0xFD, 0x66, 0x00,
	0x00, 0x03, 0x00, 0x00, 0x00, 0x00, 0x02, 0x85, 0x03, 0x61, 0x00, 0x06,
	0x00, 0x0E, 0x00, 0x12, 0x00, 0x00, 0x01, 0x27, 0x26, 0x27, 0x06, 0x0F,
	0x01, 0x03, 0x01, 0x33, 0x01, 0x23, 0x27, 0x21, 0x07, 0x13, 0x27, 0x33,
	0x17, 0x01, 0xA4, 0x3E, 0x20, 0x0B, 0x11, 0x13, 0x40, 0xD7, 0x01, 0x02,
	0x75, 0x01, 0x0E, 0x7A, 0x44, 0xFE, 0xF0, 0x42, 0xE1, 0x71, 0x7D, 0x3D,
	0x01, 0x0D, 0xA4, 0x59, 0x22, 0x3E, 0x32, 0xAF, 0xFE, 0xF3, 0x02, 0x9A,
	0xFD, 0x66, 0xB2, 0xB2, 0x02, 0xDD, 0x84, 0x84, 0x00, 0x03, 0x00, 0x00,
	0x00, 0x00, 0x02, 0x85, 0x03, 0x4B, 0x00, 0x06, 0x00, 0x0E, 0x00, 0x22,
	0x00, 0x00, 0x01, 0x27, 0x26, 0x27, 0x06, 0x0F, 0x01, 0x03, 0x01, 0x33,
	0x01, 0x23, 0x27, 0x21, 0x07, 0x13, 0x35, 0x34, 0x33, 0x32, 0x17, 0x16,
	0x33, 0x32, 0x37, 0x33, 0x06, 0x23, 0x22, 0x27, 0x26, 0x23, 0x22, 0x1D,
	0x01, 0x01, 0xA4, 0x3E, 0x20, 0x0B, 0x11, 0x13, 0x40, 0xD7, 0x01, 0x02,
	0x75, 0x01, 0x0E, 0x7A, 0x44, 0xFE, 0xF0, 0x42, 0x33, 0x58, 0x1C, 0x33,
	0x21, 0x0D, 0x20, 0x04, 0x3B, 0x02, 0x54, 0x19, 0x2B, 0x2B, 0x12, 0x21,
	0x01, 0x0D, 0xA4, 0x59, 0x22, 0x3E, 0x32, 0xAF, 0xFE, 0xF3, 0x02, 0x9A,
	0xFD, 0x66, 0xB2, 0xB2, 0x02, 0xDD, 0x09, 0x64, 0x18, 0x0F, 0x28, 0x6D,
	0x14, 0x15, 0x27, 0x03, 0x00, 0x03, 0x00, 0x00, 0xFF, 0xF5, 0x02, 0x82,
	0x03, 0x57, 0x00, 0x0D, 0x00, 0x1D, 0x00, 0x31, 0x00, 0x00, 0x36, 0x17,
	0x16, 0x33, 0x32, 0x37, 0x36, 0x35, 0x34, 0x23, 0x22, 0x07, 0x06, 0x15,
	0x26, 0x37, 0x36, 0x33, 0x32, 0x17, 0x16, 0x15, 0x14, 0x07, 0x06, 0x23,
	0x22, 0x27, 0x26, 0x35, 0x13, 0x35, 0x34, 0x33, 0x32, 0x17, 0x16, 0x33,
	0x32, 0x37, 0x33, 0x06, 0x23, 0x22, 0x27, 0x26, 0x23, 0x22, 0x1D, 0x01,
	0x72, 0x38, 0x37, 0x61, 0x5F, 0x38, 0x38, 0xD0, 0x61, 0x37, 0x37, 0x72,
	0x58, 0x58, 0x92, 0x91, 0x58, 0x57, 0x57, 0x57, 0x94, 0x92, 0x57, 0x57,
	0xA7, 0x58, 0x1C, 0x33, 0x21, 0x0D, 0x20, 0x04, 0x3B, 0x02, 0x54, 0x19,
	0x2B, 0x2B, 0x12, 0x21, 0xD9, 0x43, 0x44, 0x44, 0x43, 0x72, 0xFC, 0x42,
	0x42, 0x75, 0x9D, 0x5E, 0x5D, 0x5E, 0x5E, 0x9D, 0x9E, 0x5D, 0x5D, 0x5E,
	0x5E, 0x9F, 0x01, 0x99, 0x09, 0x64, 0x18, 0x0F, 0x28, 0x6D, 0x14, 0x15,
	0x27, 0x03, 0x00, 0x00, 0x00, 0x03, 0x00, 0x00, 0x00, 0x64, 0x01, 0xE1,
	0x02, 0x46, 0x00, 0x03, 0x00, 0x0B, 0x00, 0x13, 0x00, 0x00, 0x01, 0x15,
	0x21, 0x35, 0x04, 0x15, 0x14, 0x23, 0x22, 0x35, 0x34, 0x33, 0x12, 0x15,
	0x14, 0x23, 0x22, 0x35, 0x34, 0x33, 0x01, 0xE1, 0xFE, 0x1F, 0x01, 0x26,
	0x36, 0x35, 0x35, 0x36, 0x36, 0x35, 0x35, 0x01, 0x76, 0x41, 0x41, 0xA7,
	0x36, 0x35, 0x35, 0x36, 0x01, 0x77, 0x36, 0x35, 0x35, 0x36, 0x00, 0x00,
	0x00, 0x02, 0x00, 0x00, 0xFF, 0xF1, 0x01, 0xF8, 0x02, 0xA9, 0x00, 0x03,
	0x00, 0x07, 0x00, 0x00, 0x13, 0x07, 0x17, 0x37, 0x03, 0x13, 0x0B, 0x01,
	0xFB, 0xAF, 0xAF, 0xB2, 0xB2, 0xFD, 0xFD, 0xFB, 0x02, 0x4A, 0xFC, 0xFB,
	0xFB, 0x01, 0x5B, 0xFE, 0xA5, 0xFE, 0xA3, 0x01, 0x5D, 0x00, 0x00, 0x00,
	0x00, 0x03, 0x00, 0x00, 0xFF, 0x3D, 0x01, 0xD3, 0x02, 0x8B, 0x00, 0x12,
	0x00, 0x16, 0x00, 0x1A, 0x00, 0x00, 0x1B, 0x02, 0x33, 0x03, 0x06, 0x07,
	0x06, 0x23, 0x22, 0x27, 0x23, 0x27, 0x16, 0x33, 0x32, 0x3F, 0x01, 0x03,
	0x25, 0x33, 0x15, 0x23, 0x27, 0x33, 0x15, 0x23, 0x6E, 0x7E, 0x7E, 0x69,
	0xC3, 0x1D, 0x1C, 0x26, 0x42, 0x23, 0x1F, 0x02, 0x0B, 0x1C, 0x18, 0x40,
	0x21, 0x02, 0xB7, 0x01, 0x14, 0x61, 0x61, 0xB5, 0x60, 0x60, 0x01, 0xE2,
	0xFE, 0x98, 0x01, 0x68, 0xFD, 0xF0, 0x4E, 0x1E, 0x29, 0x08, 0x58, 0x07,
	0x63, 0x06, 0x01, 0xE3, 0xA9, 0x66, 0x66, 0x65, 0x00, 0x03, 0x00, 0x00,
	0x00, 0x00, 0x02, 0x69, 0x03, 0x43, 0x00, 0x08, 0x00, 0x0C, 0x00, 0x10,
	0x00, 0x00, 0x09, 0x01, 0x11, 0x23, 0x11, 0x03, 0x33, 0x1B, 0x01, 0x27,
	0x33, 0x15, 0x23, 0x27, 0x33, 0x15, 0x23, 0x02, 0x69, 0xFF, 0x00, 0x6E,
	0xFB, 0x83, 0xB4, 0xB3, 0x8B, 0x61, 0x61, 0xB5, 0x60, 0x60, 0x02, 0x9A,
	0xFE, 0x7F, 0xFE, 0xE7, 0x01, 0x19, 0x01, 0x81, 0xFE, 0xDF, 0x01, 0x21,
	0xA9, 0x66, 0x66, 0x65, 0x00, 0x01, 0x00, 0x00, 0xFF, 0x75, 0x00, 0x76,
	0x00, 0x6D, 0x00, 0x08, 0x00, 0x00, 0x37, 0x33, 0x15, 0x14, 0x07, 0x27,
	0x36, 0x37, 0x23, 0x08, 0x6E, 0x5E, 0x18, 0x3B, 0x03, 0x36, 0x6D, 0x5C,
	0x75, 0x27, 0x2B, 0x19, 0x47, 0x00, 0x00, 0x00, 0x00, 0x03, 0x00, 0x00,
	0x00, 0x00, 0x02, 0x85, 0x03, 0x60, 0x00, 0x06, 0x00, 0x0E, 0x00, 0x15,
	0x00, 0x00, 0x01, 0x27, 0x26, 0x27, 0x06, 0x0F, 0x01, 0x03, 0x01, 0x33,
	0x01, 0x23, 0x27, 0x21, 0x07, 0x13, 0x23, 0x37, 0x33, 0x17, 0x23, 0x27,
	0x01, 0xA4, 0x3E, 0x20, 0x0B, 0x11, 0x13, 0x40, 0xD7, 0x01, 0x02, 0x75,
	0x01, 0x0E, 0x7A, 0x44, 0xFE, 0xF0, 0x42, 0x9C, 0x62, 0x61, 0x65, 0x62,
	0x61, 0x33, 0x01, 0x0D, 0xA4, 0x59, 0x22, 0x3E, 0x32, 0xAF, 0xFE, 0xF3,
	0x02, 0x9A, 0xFD, 0x66, 0xB2, 0xB2, 0x02, 0xDD, 0x83, 0x83, 0x49, 0x00,
	0x00, 0x02, 0x00, 0x00, 0x00, 0x00, 0x01, 0xF7, 0x03, 0x60, 0x00, 0x0B,
	0x00, 0x12, 0x00, 0x00, 0x11, 0x21, 0x15, 0x21, 0x15, 0x21, 0x15, 0x21,
	0x15, 0x21, 0x15, 0x21, 0x13, 0x23, 0x37, 0x33, 0x17, 0x23, 0x27, 0x01,
	0xE8, 0xFE, 0x87, 0x01, 0x60, 0xFE, 0xA0, 0x01, 0x88, 0xFE, 0x09, 0xC9,
	0x62, 0x61, 0x65, 0x62, 0x61, 0x33, 0x02, 0x9A, 0x5E, 0xB1, 0x5E, 0xCE,
	0x5F, 0x02, 0xDD, 0x83, 0x83, 0x49, 0x00, 0x00, 0x00, 0x03, 0x00, 0x00,
	0x00, 0x00, 0x02, 0x85, 0x03, 0x61, 0x00, 0x06, 0x00, 0x0E, 0x00, 0x12,
	0x00, 0x00, 0x01, 0x27, 0x26, 0x27, 0x06, 0x0F, 0x01, 0x03, 0x01, 0x33,
	0x01, 0x23, 0x27, 0x21, 0x07, 0x13, 0x37, 0x33, 0x07, 0x01, 0xA4, 0x3E,
	0x20, 0x0B, 0x11, 0x13, 0x40, 0xD7, 0x01, 0x02, 0x75, 0x01, 0x0E, 0x7A,
	0x44, 0xFE, 0xF0, 0x42, 0x71, 0x3D, 0x7C, 0x70, 0x01, 0x0D, 0xA4, 0x59,
	0x22, 0x3E, 0x32, 0xAF, 0xFE, 0xF3, 0x02, 0x9A, 0xFD, 0x66, 0xB2, 0xB2,
	0x02, 0xDD, 0x84, 0x84, 0x00, 0x03, 0x00, 0x00, 0x00, 0x00, 0x01, 0xF7,
	0x03, 0x43, 0x00, 0x0B, 0x00, 0x0F, 0x00, 0x13, 0x00, 0x00, 0x11, 0x21,
	0x15, 0x21, 0x15, 0x21, 0x15, 0x21, 0x15, 0x21, 0x15, 0x21, 0x01, 0x33,
	0x15, 0x23, 0x27, 0x33, 0x15, 0x23, 0x01, 0xE8, 0xFE, 0x87, 0x01, 0x60,
	0xFE, 0xA0, 0x01, 0x88, 0xFE, 0x09, 0x01, 0x26, 0x61, 0x61, 0xB5, 0x60,
	0x60, 0x02, 0x9A, 0x5E, 0xB1, 0x5E, 0xCE, 0x5F, 0x03, 0x43, 0x66, 0x66,
	0x65, 0x00, 0x00, 0x00, 0x00, 0x02, 0x00, 0x00, 0x00, 0x00, 0x01, 0xF7,
	0x03, 0x61, 0x00, 0x0B, 0x00, 0x0F, 0x00, 0x00, 0x11, 0x21, 0x15, 0x21,
	0x15, 0x21, 0x15, 0x21, 0x15, 0x21, 0x15, 0x21, 0x01, 0x27, 0x33, 0x17,
	0x01, 0xE8, 0xFE, 0x87, 0x01, 0x60, 0xFE, 0xA0, 0x01, 0x88, 0xFE, 0x09,
	0x01, 0x0F, 0x71, 0x7D, 0x3D, 0x02, 0x9A, 0x5E, 0xB1, 0x5E, 0xCE, 0x5F,
	0x02, 0xDD, 0x84, 0x84, 0x00, 0x02, 0x00, 0x00, 0x00, 0x00, 0x00, 0xB9,
	0x03, 0x61, 0x00, 0x03, 0x00, 0x07, 0x00, 0x00, 0x13, 0x33, 0x11, 0x23,
	0x03, 0x37, 0x33, 0x07, 0x26, 0x6E, 0x6E, 0x26, 0x3D, 0x7C, 0x70, 0x02,
	0x9A, 0xFD, 0x66, 0x02, 0xDD, 0x84, 0x84, 0x00, 0x00, 0x02, 0x00, 0x00,
	0x00, 0x00, 0x01, 0x28, 0x03, 0x60, 0x00, 0x03, 0x00, 0x0A, 0x00, 0x00,
	0x13, 0x33, 0x11, 0x23, 0x13, 0x23, 0x37, 0x33, 0x17, 0x23, 0x27, 0x5D,
	0x6E, 0x6E, 0x05, 0x62, 0x61, 0x65, 0x62, 0x61, 0x33, 0x02, 0x9A, 0xFD,
	0x66, 0x02, 0xDD, 0x83, 0x83, 0x49, 0x00, 0x00, 0x00, 0x03, 0x00, 0x00,
	0x00, 0x00, 0x01, 0x16, 0x03, 0x43, 0x00, 0x03, 0x00, 0x07, 0x00, 0x0B,
	0x00, 0x00, 0x13, 0x33, 0x11, 0x23, 0x13, 0x33, 0x15, 0x23, 0x27, 0x33,
	0x15, 0x23, 0x54, 0x6E, 0x6E, 0x61, 0x61, 0x61, 0xB5, 0x60, 0x60, 0x02,
	0x9A, 0xFD, 0x66, 0x03, 0x43, 0x66, 0x66, 0x65, 0x00, 0x02, 0x00, 0x00,
	0x00, 0x00, 0x00, 0xBA, 0x03, 0x61, 0x00, 0x03, 0x00, 0x07, 0x00, 0x00,
	0x13, 0x33, 0x11, 0x23, 0x13, 0x27, 0x33, 0x17, 0x27, 0x6E, 0x6E, 0x4A,
	0x71, 0x7D, 0x3D, 0x02, 0x9A, 0xFD, 0x66, 0x02, 0xDD, 0x84, 0x84, 0x00,
	0x00, 0x03, 0x00, 0x00, 0xFF, 0xF5, 0x02, 0x82, 0x03, 0x6D, 0x00, 0x0D,
	0x00, 0x1D, 0x00, 0x21, 0x00, 0x00, 0x36, 0x17, 0x16, 0x33, 0x32, 0x37,
	0x36, 0x35, 0x34, 0x23, 0x22, 0x07, 0x06, 0x15, 0x26, 0x37, 0x36, 0x33,
	0x32, 0x17, 0x16, 0x15, 0x14, 0x07, 0x06, 0x23, 0x22, 0x27, 0x26, 0x35,
	0x13, 0x37, 0x33, 0x07, 0x72, 0x38, 0x37, 0x61, 0x5F, 0x38, 0x38, 0xD0,
	0x61, 0x37, 0x37, 0x72, 0x58, 0x58, 0x92, 0x91, 0x58, 0x57, 0x57, 0x57,
	0x94, 0x92, 0x57, 0x57, 0xE5, 0x3D, 0x7C, 0x70, 0xD9, 0x43, 0x44, 0x44,
	0x43, 0x72, 0xFC, 0x42, 0x42, 0x75, 0x9D, 0x5E, 0x5D, 0x5E, 0x5E, 0x9D,
	0x9E, 0x5D, 0x5D, 0x5E, 0x5E, 0x9F, 0x01, 0x99, 0x84, 0x84, 0x00, 0x00,
	0x00, 0x03, 0x00, 0x00, 0xFF, 0xF5, 0x02, 0x82, 0x03, 0x6C, 0x00, 0x0D,
	0x00, 0x1D, 0x00, 0x24, 0x00, 0x00, 0x36, 0x17, 0x16, 0x33, 0x32, 0x37,
	0x36, 0x35, 0x34, 0x23, 0x22, 0x07, 0x06, 0x15, 0x26, 0x37, 0x36, 0x33,
	0x32, 0x17, 0x16, 0x15, 0x14, 0x07, 0x06, 0x23, 0x22, 0x27, 0x26, 0x35,
	0x01, 0x23, 0x37, 0x33, 0x17, 0x23, 0x27, 0x72, 0x38, 0x37, 0x61, 0x5F,
	0x38, 0x38, 0xD0, 0x61, 0x37, 0x37, 0x72, 0x58, 0x58, 0x92, 0x91, 0x58,
	0x57, 0x57, 0x57, 0x94, 0x92, 0x57, 0x57, 0x01, 0x0F, 0x62, 0x61, 0x65,
	0x62, 0x61, 0x33, 0xD9, 0x43, 0x44, 0x44, 0x43, 0x72, 0xFC, 0x42, 0x42,
	0x75, 0x9D, 0x5E, 0x5D, 0x5E, 0x5E, 0x9D, 0x9E, 0x5D, 0x5D, 0x5E, 0x5E,
	0x9F, 0x01, 0x99, 0x83, 0x83, 0x49, 0x00, 0x00, 0x00, 0x02, 0x00, 0x00,
	0xFF, 0xE4, 0x02, 0x62, 0x02, 0xB3, 0x00, 0x25, 0x00, 0x2C, 0x00, 0x00,
	0x00, 0x15, 0x14, 0x17, 0x06, 0x23, 0x22, 0x2F, 0x01, 0x26, 0x23, 0x26,
	0x23, 0x22, 0x07, 0x06, 0x0F, 0x01, 0x06, 0x23, 0x22, 0x27, 0x26, 0x35,
	0x34, 0x37, 0x36, 0x33, 0x32, 0x17, 0x16, 0x33, 0x32, 0x37, 0x36, 0x33,
	0x32, 0x17, 0x27, 0x14, 0x07, 0x06, 0x23, 0x36, 0x37, 0x01, 0xFE, 0x64,
	0x50, 0x59, 0x14, 0x15, 0x29, 0x04, 0x08, 0x09, 0x0B, 0x10, 0x10, 0x0F,
	0x05, 0x2B, 0x13, 0x13, 0x39, 0x35, 0x54, 0x34, 0x34, 0x53, 0x22, 0x2B,
	0x22, 0x0D, 0x0E, 0x1E, 0x3A, 0x21, 0x5D, 0x34, 0x8F, 0x2C, 0x2D, 0x3C,
	0x03, 0x92, 0x01, 0x8B, 0x4E, 0x6B, 0x2A, 0xC2, 0x09, 0x11, 0x01, 0x01,
	0x01, 0x01, 0x02, 0x11, 0x09, 0x51, 0x7C, 0x81, 0x61, 0x3D, 0x3D, 0x11,
	0x0D, 0x0A, 0x16, 0x47, 0xE1, 0x42, 0x30, 0x31, 0x9A, 0x13, 0x00, 0x00,
	0x00, 0x03, 0x00, 0x00, 0xFF, 0xF5, 0x02, 0x82, 0x03, 0x6D, 0x00, 0x0D,
	0x00, 0x1D, 0x00, 0x21, 0x00, 0x00, 0x36, 0x17, 0x16, 0x33, 0x32, 0x37,
	0x36, 0x35, 0x34, 0x23, 0x22, 0x07, 0x06, 0x15, 0x26, 0x37, 0x36, 0x33,
	0x32, 0x17, 0x16, 0x15, 0x14, 0x07, 0x06, 0x23, 0x22, 0x27, 0x26, 0x35,
	0x01, 0x27, 0x33, 0x17, 0x72, 0x38, 0x37, 0x61, 0x5F, 0x38, 0x38, 0xD0,
	0x61, 0x37, 0x37, 0x72, 0x58, 0x58, 0x92, 0x91, 0x58, 0x57, 0x57, 0x57,
	0x94, 0x92, 0x57, 0x57, 0x01, 0x55, 0x71, 0x7D, 0x3D, 0xD9, 0x43, 0x44,
	0x44, 0x43, 0x72, 0xFC, 0x42, 0x42, 0x75, 0x9D, 0x5E, 0x5D, 0x5E, 0x5E,
	0x9D, 0x9E, 0x5D, 0x5D, 0x5E, 0x5E, 0x9F, 0x01, 0x99, 0x84, 0x84, 0x00,
	0x00, 0x02, 0x00, 0x00, 0xFF, 0xF5, 0x02, 0x10, 0x03, 0x61, 0x00, 0x17,
	0x00, 0x1B, 0x00, 0x00, 0x13, 0x11, 0x14, 0x17, 0x16, 0x33, 0x32, 0x37,
	0x36, 0x35, 0x11, 0x33, 0x11, 0x14, 0x07, 0x06, 0x07, 0x06, 0x23, 0x22,
	0x27, 0x26, 0x35, 0x11, 0x3F, 0x01, 0x33, 0x07, 0x6E, 0x15, 0x23, 0x62,
	0x64, 0x20, 0x16, 0x6E, 0x23, 0x18, 0x2F, 0x3D, 0x60, 0xAC, 0x3B, 0x22,
	0xAB, 0x3D, 0x7C, 0x70, 0x02, 0x9A, 0xFE, 0x8B, 0x6A, 0x28, 0x3F, 0x3C,
	0x2C, 0x65, 0x01, 0x79, 0xFE, 0x90, 0x8C, 0x41, 0x2C, 0x1B, 0x21, 0x68,
	0x3C, 0x8E, 0x01, 0x73, 0x43, 0x84, 0x84, 0x00, 0x00, 0x02, 0x00, 0x00,
	0xFF, 0xF5, 0x02, 0x10, 0x03, 0x60, 0x00, 0x17, 0x00, 0x1E, 0x00, 0x00,
	0x13, 0x11, 0x14, 0x17, 0x16, 0x33, 0x32, 0x37, 0x36, 0x35, 0x11, 0x33,
	0x11, 0x14, 0x07, 0x06, 0x07, 0x06, 0x23, 0x22, 0x27, 0x26, 0x35, 0x11,
	0x37, 0x23, 0x37, 0x33, 0x17, 0x23, 0x27, 0x6E, 0x15, 0x23, 0x62, 0x64,
	0x20, 0x16, 0x6E, 0x23, 0x18, 0x2F, 0x3D, 0x60, 0xAC, 0x3B, 0x22, 0xD6,
	0x62, 0x61, 0x65, 0x62, 0x61, 0x33, 0x02, 0x9A, 0xFE, 0x8B, 0x6A, 0x28,
	0x3F, 0x3C, 0x2C, 0x65, 0x01, 0x79, 0xFE, 0x90, 0x8C, 0x41, 0x2C, 0x1B,
	0x21, 0x68, 0x3C, 0x8E, 0x01, 0x73, 0x43, 0x83, 0x83, 0x49, 0x00, 0x00,
	0x00, 0x02, 0x00, 0x00, 0xFF, 0xF5, 0x02, 0x10, 0x03, 0x61, 0x00, 0x17,
	0x00, 0x1B, 0x00, 0x00, 0x13, 0x11, 0x14, 0x17, 0x16, 0x33, 0x32, 0x37,
	0x36, 0x35, 0x11, 0x33, 0x11, 0x14, 0x07, 0x06, 0x07, 0x06, 0x23, 0x22,
	0x27, 0x26, 0x35, 0x11, 0x25, 0x27, 0x33, 0x17, 0x6E, 0x15, 0x23, 0x62,
	0x64, 0x20, 0x16, 0x6E, 0x23, 0x18, 0x2F, 0x3D, 0x60, 0xAC, 0x3B, 0x22,
	0x01, 0x1C, 0x71, 0x7D, 0x3D, 0x02, 0x9A, 0xFE, 0x8B, 0x6A, 0x28, 0x3F,
	0x3C, 0x2C, 0x65, 0x01, 0x79, 0xFE, 0x90, 0x8C, 0x41, 0x2C, 0x1B, 0x21,
	0x68, 0x3C, 0x8E, 0x01, 0x73, 0x43, 0x84, 0x84, 0x00, 0x00, 0x00, 0x15,
	0x01, 0x02, 0x00, 0x00, 0x00, 0x00, 0x00, 0x00, 0x00, 0x00, 0x00, 0x64,
	0x00, 0x83, 0x00, 0x00, 0x00, 0x00, 0x00, 0x00, 0x00, 0x01, 0x00, 0x0A,
	0x00, 0x00, 0x00, 0x00, 0x00, 0x00, 0x00, 0x00, 0x00, 0x02, 0x00, 0x0C,
	0x00, 0x0C, 0x00, 0x00, 0x00, 0x00, 0x00, 0x00, 0x00, 0x03, 0x00, 0x2E,
	0x00, 0x00, 0x00, 0x00, 0x00, 0x00, 0x00, 0x00, 0x00, 0x04, 0x00, 0x18,
	0x00, 0x00, 0x00, 0x00, 0x00, 0x00, 0x00, 0x00, 0x00, 0x05, 0x00, 0x06,
	0x00, 0xF9, 0x00, 0x00, 0x00, 0x00, 0x00, 0x00, 0x00, 0x06, 0x00, 0x12,
	0x00, 0xE7, 0x00, 0x01, 0x00, 0x00, 0x00, 0x00, 0x00, 0x00, 0x00, 0x32,
	0x00, 0x2E, 0x00, 0x01, 0x00, 0x00, 0x00, 0x00, 0x00, 0x01, 0x00, 0x05,
	0x00, 0x60, 0x00, 0x01, 0x00, 0x00, 0x00, 0x00, 0x00, 0x02, 0x00, 0x06,
	0x00, 0x66, 0x00, 0x01, 0x00, 0x00, 0x00, 0x00, 0x00, 0x03, 0x00, 0x17,
	0x00, 0x60, 0x00, 0x01, 0x00, 0x00, 0x00, 0x00, 0x00, 0x04, 0x00, 0x0C,
	0x00, 0x60, 0x00, 0x01, 0x00, 0x00, 0x00, 0x00, 0x00, 0x05, 0x00, 0x03,
	0x00, 0x77, 0x00, 0x01, 0x00, 0x00, 0x00, 0x00, 0x00, 0x06, 0x00, 0x09,
	0x00, 0x7A, 0x00, 0x03, 0x00, 0x01, 0x04, 0x09, 0x00, 0x00, 0x00, 0x64,
	0x00, 0x83, 0x00, 0x03, 0x00, 0x01, 0x04, 0x09, 0x00, 0x01, 0x00, 0x0A,
	0x00, 0x00, 0x00, 0x03, 0x00, 0x01, 0x04, 0x09, 0x00, 0x02, 0x00, 0x0C,
	0x00, 0x0C, 0x00, 0x03, 0x00, 0x01, 0x04, 0x09, 0x00, 0x03, 0x00, 0x2E,
	0x00, 0x00, 0x00, 0x03, 0x00, 0x01, 0x04, 0x09, 0x00, 0x04, 0x00, 0x12,
	0x00, 0xE7, 0x00, 0x03, 0x00, 0x01, 0x04, 0x09, 0x00, 0x05, 0x00, 0x06,
	0x00, 0xF9, 0x00, 0x03, 0x00, 0x01, 0x04, 0x09, 0x00, 0x06, 0x00, 0x12,
	0x00, 0xE7, 0x00, 0x41, 0x00, 0x72, 0x00, 0x69, 0x00, 0x61, 0x00, 0x6C,
	0x00, 0x2D, 0x00, 0x4D, 0x00, 0x65, 0x00, 0x64, 0x00, 0x69, 0x00, 0x75,
	0x00, 0x6D, 0x00, 0x3A, 0x00, 0x31, 0x00, 0x31, 0x00, 0x33, 0x00, 0x35,
	0x00, 0x34, 0x00, 0x30, 0x00, 0x38, 0x00, 0x37, 0x00, 0x32, 0x00, 0x35,
	0x28, 0x43, 0x29, 0x31, 0x39, 0x39, 0x32, 0x20, 0x54, 0x68, 0x65, 0x20,
	0x46, 0x6F, 0x6E, 0x74, 0x20, 0x43, 0x6F, 0x6D, 0x70, 0x61, 0x6E, 0x79,
	0x20, 0x49, 0x6E, 0x63, 0x2E, 0x2C, 0x20, 0x41, 0x4C, 0x4C, 0x20, 0x52,
	0x69, 0x67, 0x68, 0x74, 0x73, 0x20, 0x52, 0x65, 0x73, 0x65, 0x72, 0x76,
	0x65, 0x64, 0x41, 0x72, 0x69, 0x61, 0x6C, 0x2D, 0x4D, 0x65, 0x64, 0x69,
	0x75, 0x6D, 0x3A, 0x31, 0x31, 0x33, 0x35, 0x34, 0x30, 0x38, 0x37, 0x32,
	0x35, 0x34, 0x2E, 0x30, 0x41, 0x72, 0x69, 0x61, 0x6C, 0x2D, 0x4D, 0x64,
	0x6D, 0x00, 0x28, 0x00, 0x43, 0x00, 0x29, 0x00, 0x31, 0x00, 0x39, 0x00,
	0x39, 0x00, 0x32, 0x00, 0x20, 0x00, 0x54, 0x00, 0x68, 0x00, 0x65, 0x00,
	0x20, 0x00, 0x46, 0x00, 0x6F, 0x00, 0x6E, 0x00, 0x74, 0x00, 0x20, 0x00,
	0x43, 0x00, 0x6F, 0x00, 0x6D, 0x00, 0x70, 0x00, 0x61, 0x00, 0x6E, 0x00,
	0x79, 0x00, 0x20, 0x00, 0x49, 0x00, 0x6E, 0x00, 0x63, 0x00, 0x2E, 0x00,
	0x2C, 0x00, 0x20, 0x00, 0x41, 0x00, 0x4C, 0x00, 0x4C, 0x00, 0x20, 0x00,
	0x52, 0x00, 0x69, 0x00, 0x67, 0x00, 0x68, 0x00, 0x74, 0x00, 0x73, 0x00,
	0x20, 0x00, 0x52, 0x00, 0x65, 0x00, 0x73, 0x00, 0x65, 0x00, 0x72, 0x00,
	0x76, 0x00, 0x65, 0x00, 0x64, 0x00, 0x41, 0x00, 0x72, 0x00, 0x69, 0x00,
	0x61, 0x00, 0x6C, 0x00, 0x2D, 0x00, 0x4D, 0x00, 0x64, 0x00, 0x6D, 0x00,
	0x34, 0x00, 0x2E, 0x00, 0x30, 0x00, 0x00, 0x00, 0x00, 0x03, 0x00, 0x00,
	0x00, 0x00, 0x00, 0x00, 0xFF, 0x88, 0x00, 0x14, 0x00, 0x00, 0x00, 0x00,
	0x00, 0x00, 0x00, 0x00, 0x00, 0x00, 0x00, 0x00, 0x00, 0x00, 0x00, 0x00,
	0x00, 0x00, 0x00, 0x00, 0x00, 0x01, 0x00, 0x00, 0x00, 0x0A, 0x00, 0x1E,
	0x00, 0x2C, 0x00, 0x01, 0x6C, 0x61, 0x74, 0x6E, 0x00, 0x08, 0x00, 0x04,
	0x00, 0x00, 0x00, 0x00, 0xFF, 0xFF, 0x00, 0x01, 0x00, 0x00, 0x00, 0x01,
	0x6B, 0x65, 0x72, 0x6E, 0x00, 0x08, 0x00, 0x00, 0x00, 0x01, 0x00, 0x00,
	0x00, 0x01, 0x00, 0x04, 0x00, 0x02, 0x00, 0x00, 0x00, 0x01, 0x00, 0x08,
	0x00, 0x01, 0x00, 0x72, 0x00, 0x04, 0x00, 0x00, 0x00, 0x34, 0x00, 0xDE,
	0x01, 0x04, 0x01, 0x16, 0x01, 0x3C, 0x01, 0x42, 0x01, 0x74, 0x01, 0x7A,
	0x01, 0x80, 0x01, 0x86, 0x01, 0x8C, 0x01, 0x92, 0x01, 0xB0, 0x01, 0xB6,
	0x01, 0xBC, 0x01, 0xFE, 0x02, 0x04, 0x02, 0x22, 0x02, 0x40, 0x02, 0x6E,
	0x02, 0x80, 0x02, 0xBE, 0x02, 0xE4, 0x02, 0xFE, 0x03, 0x2C, 0x03, 0x46,
	0x03, 0x60, 0x03, 0x6A, 0x03, 0xE8, 0x04, 0x0E, 0x04, 0x88, 0x05, 0x0A,
	0x05, 0x2C, 0x05, 0xB2, 0x05, 0xC0, 0x06, 0x1A, 0x06, 0x28, 0x06, 0x36,
	0x06, 0x44, 0x06, 0x52, 0x06, 0x60, 0x06, 0x6E, 0x06, 0x7C, 0x06, 0x8A,
	0x06, 0x98, 0x06, 0xC6, 0x06, 0xD4, 0x06, 0xE2, 0x06, 0xF0, 0x07, 0x02,
	0x07, 0x14, 0x07, 0x6E, 0x07, 0xC8, 0x00, 0x01, 0x00, 0x34, 0x00, 0x0D,
	0x00, 0x0E, 0x00, 0x0F, 0x00, 0x11, 0x00, 0x12, 0x00, 0x13, 0x00, 0x14,
	0x00, 0x15, 0x00, 0x16, 0x00, 0x17, 0x00, 0x18, 0x00, 0x19, 0x00, 0x1A,
	0x00, 0x22, 0x00, 0x23, 0x00, 0x24, 0x00, 0x25, 0x00, 0x27, 0x00, 0x28,
	0x00, 0x2C, 0x00, 0x2D, 0x00, 0x30, 0x00, 0x31, 0x00, 0x32, 0x00, 0x33,
	0x00, 0x34, 0x00, 0x35, 0x00, 0x36, 0x00, 0x37, 0x00, 0x38, 0x00, 0x39,
	0x00, 0x3A, 0x00, 0x3B, 0x00, 0x41, 0x00, 0x42, 0x00, 0x43, 0x00, 0x46,
	0x00, 0x47, 0x00, 0x49, 0x00, 0x4E, 0x00, 0x4F, 0x00, 0x50, 0x00, 0x51,
	0x00, 0x53, 0x00, 0x54, 0x00, 0x56, 0x00, 0x57, 0x00, 0x58, 0x00, 0x5A,
	0x00, 0x69, 0x00, 0x76, 0x00, 0x88, 0x00, 0x09, 0x00, 0x12, 0xFF, 0x88,
	0x00, 0x22, 0x00, 0x0D, 0x00, 0x35, 0xFF, 0xBE, 0x00, 0x37, 0xFF, 0xAA,
	0x00, 0x38, 0xFF, 0xAA, 0x00, 0x3A, 0xFF, 0x9C, 0x00, 0x41, 0xFF, 0xDF,
	0x00, 0x69, 0xFF, 0xDF, 0x00, 0x76, 0xFF, 0xDF, 0x00, 0x04, 0x00, 0x35,
	0xFF, 0xCB, 0x00, 0x37, 0xFF, 0xD8, 0x00, 0x38, 0xFF, 0xCB, 0x00, 0x3A,
	0xFF, 0x9C, 0x00, 0x09, 0x00, 0x12, 0xFF, 0x88, 0x00, 0x35, 0xFF, 0xBE,
	0x00, 0x37, 0xFF, 0xAA, 0x00, 0x38, 0xFF, 0xAA, 0x00, 0x3A, 0xFF, 0x9C,
	0x00, 0x41, 0xFF, 0xDF, 0x00, 0x69, 0xFF, 0xDF, 0x00, 0x76, 0xFF, 0xDF,
	0x00, 0x89, 0x00, 0x0D, 0x00, 0x01, 0x00, 0x12, 0xFF, 0xCF, 0x00, 0x0C,
	0x00, 0x0D, 0xFF, 0x88, 0x00, 0x0F, 0xFF, 0x88, 0x00, 0x11, 0xFF, 0xCF,
	0x00, 0x12, 0xFF, 0xCF, 0x00, 0x13, 0xFF, 0xCF, 0x00, 0x14, 0xFF, 0xCF,
	0x00, 0x15, 0xFF, 0xCF, 0x00, 0x16, 0xFF, 0xCF, 0x00, 0x17, 0xFF, 0xCF,
	0x00, 0x18, 0xFF, 0xCF, 0x00, 0x19, 0xFF, 0xCF, 0x00, 0x1A, 0xFF, 0xCF,
	0x00, 0x01, 0x00, 0x12, 0xFF, 0xCF, 0x00, 0x01, 0x00, 0x12, 0xFF, 0xCF,
	0x00, 0x01, 0x00, 0x12, 0xFF, 0xCF, 0x00, 0x01, 0x00, 0x12, 0xFF, 0xCF,
	0x00, 0x01, 0x00, 0x12, 0xFF, 0xCF, 0x00, 0x07, 0x00, 0x0D, 0xFF, 0x9C,
	0x00, 0x0F, 0xFF, 0x9C, 0x00, 0x12, 0xFF, 0xCF, 0x00, 0x15, 0xFF, 0x9C,
	0x00, 0x17, 0xFF, 0xD8, 0x00, 0x1B, 0xFF, 0xF3, 0x00, 0x1C, 0xFF, 0xF3,
	0x00, 0x01, 0x00, 0x12, 0xFF, 0xCF, 0x00, 0x01, 0x00, 0x12, 0xFF, 0xCF,
	0x00, 0x10, 0x00, 0x22, 0x00, 0x0D, 0x00, 0x24, 0xFF, 0xEC, 0x00, 0x28,
	0xFF, 0xEC, 0x00, 0x30, 0xFF, 0xEC, 0x00, 0x32, 0xFF, 0xEC, 0x00, 0x35,
	0xFF, 0xBE, 0x00, 0x36, 0xFF, 0xEC, 0x00, 0x37, 0xFF, 0xB7, 0x00, 0x38,
	0xFF, 0xB7, 0x00, 0x3A, 0xFF, 0xAA, 0x00, 0x41, 0xFF, 0x9C, 0x00, 0x57,
	0xFF, 0xEC, 0x00, 0x58, 0xFF, 0xEC, 0x00, 0x5A, 0xFF, 0xEC, 0x00, 0x69,
	0xFF, 0x9C, 0x00, 0x76, 0xFF, 0x9C, 0x00, 0x01, 0x00, 0x3A, 0xFF, 0xDF,
	0x00, 0x07, 0x00, 0x24, 0xFF, 0xEC, 0x00, 0x28, 0xFF, 0xEC, 0x00, 0x29,
	0xFF, 0xEC, 0x00, 0x2C, 0xFF, 0xEC, 0x00, 0x30, 0xFF, 0xEC, 0x00, 0x32,
	0xFF, 0xEC, 0x00, 0x8C, 0xFF, 0xEC, 0x00, 0x07, 0x00, 0x22, 0xFF, 0xEC,
	0x00, 0x35, 0xFF, 0xE9, 0x00, 0x37, 0xFF, 0xEC, 0x00, 0x38, 0xFF, 0xEC,
	0x00, 0x39, 0xFF, 0xDF, 0x00, 0x3A, 0xFF, 0xDF, 0x00, 0x89, 0xFF, 0xEC,
	0x00, 0x0B, 0x00, 0x0D, 0xFF, 0x9C, 0x00, 0x0E, 0xFF, 0xDF, 0x00, 0x0F,
	0xFF, 0x9C, 0x00, 0x22, 0xFF, 0xCB, 0x00, 0x42, 0xFF, 0xE9, 0x00, 0x44,
	0xFF, 0xDF, 0x00, 0x45, 0xFF, 0xDF, 0x00, 0x46, 0xFF, 0xDF, 0x00, 0x50,
	0xFF, 0xDF, 0x00, 0x52, 0xFF, 0xDF, 0x00, 0x88, 0xFF, 0xDF, 0x00, 0x04,
	0x00, 0x35, 0xFF, 0xEC, 0x00, 0x37, 0xFF, 0xEC, 0x00, 0x38, 0xFF, 0xEC,
	0x00, 0x3A, 0xFF, 0xDF, 0x00, 0x0F, 0x00, 0x0E, 0xFF, 0xEC, 0x00, 0x24,
	0xFF, 0xDF, 0x00, 0x28, 0xFF, 0xDF, 0x00, 0x30, 0xFF, 0xDF, 0x00, 0x32,
	0xFF, 0xDF, 0x00, 0x42, 0xFF, 0xEC, 0x00, 0x44, 0xFF, 0xEC, 0x00, 0x45,
	0xFF, 0xEC, 0x00, 0x46, 0xFF, 0xEC, 0x00, 0x50, 0xFF, 0xEC, 0x00, 0x52,
	0xFF, 0xEC, 0x00, 0x57, 0xFF, 0xDF, 0x00, 0x58, 0xFF, 0xDF, 0x00, 0x5A,
	0xFF, 0xDF, 0x00, 0x88, 0xFF, 0xEC, 0x00, 0x09, 0x00, 0x22, 0x00, 0x1A,
	0x00, 0x35, 0xFF, 0xDF, 0x00, 0x37, 0xFF, 0xDF, 0x00, 0x38, 0xFF, 0xDF,
	0x00, 0x3A, 0xFF, 0xDF, 0x00, 0x41, 0xFF, 0xDF, 0x00, 0x69, 0xFF, 0xDF,
	0x00, 0x76, 0xFF, 0xDF, 0x00, 0x89, 0x00, 0x1A, 0x00, 0x06, 0x00, 0x22,
	0xFF, 0xEC, 0x00, 0x35, 0xFF, 0xE9, 0x00, 0x37, 0xFF, 0xEC, 0x00, 0x38,
	0xFF, 0xEC, 0x00, 0x39, 0xFF, 0xDF, 0x00, 0x3A, 0xFF, 0xDF, 0x00, 0x0B,
	0x00, 0x0D, 0xFF, 0x9C, 0x00, 0x0E, 0xFF, 0xE6, 0x00, 0x0F, 0xFF, 0x9C,
	0x00, 0x22, 0xFF, 0xB0, 0x00, 0x42, 0xFF, 0xE6, 0x00, 0x44, 0xFF, 0xE6,
	0x00, 0x45, 0xFF, 0xE6, 0x00, 0x46, 0xFF, 0xE6, 0x00, 0x50, 0xFF, 0xE6,
	0x00, 0x52, 0xFF, 0xE6, 0x00, 0x88, 0xFF, 0xE6, 0x00, 0x06, 0x00, 0x22,
	0xFF, 0xEC, 0x00, 0x35, 0xFF, 0xE9, 0x00, 0x37, 0xFF, 0xEC, 0x00, 0x38,
	0xFF, 0xEC, 0x00, 0x39, 0xFF, 0xDF, 0x00, 0x3A, 0xFF, 0xDF, 0x00, 0x06,
	0x00, 0x24, 0xFF, 0xEC, 0x00, 0x28, 0xFF, 0xEC, 0x00, 0x30, 0xFF, 0xEC,
	0x00, 0x32, 0xFF, 0xEC, 0x00, 0x35, 0xFF, 0xE6, 0x00, 0x3A, 0xFF, 0xE3,
	0x00, 0x02, 0x00, 0x35, 0xFF, 0xE9, 0x00, 0x3A, 0xFF, 0xE6, 0x00, 0x1F,
	0x00, 0x0D, 0xFF, 0xBE, 0x00, 0x0E, 0xFF, 0xCB, 0x00, 0x0F, 0xFF, 0xBE,
	0x00, 0x1B, 0xFF, 0xD8, 0x00, 0x1C, 0xFF, 0xD8, 0x00, 0x22, 0xFF, 0xBE,
	0x00, 0x24, 0xFF, 0xE9, 0x00, 0x28, 0xFF, 0xE9, 0x00, 0x30, 0xFF, 0xE9,
	0x00, 0x32, 0xFF, 0xE9, 0x00, 0x34, 0xFF, 0xE9, 0x00, 0x37, 0x00, 0x1A,
	0x00, 0x38, 0x00, 0x1A, 0x00, 0x3A, 0x00, 0x1A, 0x00, 0x42, 0xFF, 0xCB,
	0x00, 0x44, 0xFF, 0xCB, 0x00, 0x45, 0xFF, 0xCB, 0x00, 0x46, 0xFF, 0xCB,
	0x00, 0x48, 0xFF, 0xCB, 0x00, 0x4E, 0xFF, 0xD8, 0x00, 0x4F, 0xFF, 0xD8,
	0x00, 0x50, 0xFF, 0xCB, 0x00, 0x51, 0xFF, 0xD8, 0x00, 0x52, 0xFF, 0xCB,
	0x00, 0x53, 0xFF, 0xD8, 0x00, 0x54, 0xFF, 0xCB, 0x00, 0x56, 0xFF, 0xD8,
	0x00, 0x57, 0xFF, 0xD8, 0x00, 0x58, 0xFF, 0xD8, 0x00, 0x5A, 0xFF, 0xD8,
	0x00, 0x88, 0xFF, 0xCB, 0x00, 0x09, 0x00, 0x0D, 0xFF, 0xEC, 0x00, 0x0F,
	0xFF, 0xEC, 0x00, 0x1B, 0xFF, 0xEC, 0x00, 0x1C, 0xFF, 0xEC, 0x00, 0x22,
	0xFF, 0xEC, 0x00, 0x4E, 0xFF, 0xEC, 0x00, 0x4F, 0xFF, 0xEC, 0x00, 0x51,
	0xFF, 0xEC, 0x00, 0x53, 0xFF, 0xEC, 0x00, 0x1E, 0x00, 0x0D, 0xFF, 0xAA,
	0x00, 0x0E, 0xFF, 0xD8, 0x00, 0x0F, 0xFF, 0xAA, 0x00, 0x1B, 0xFF, 0xE6,
	0x00, 0x1C, 0xFF, 0xE6, 0x00, 0x22, 0xFF, 0xB7, 0x00, 0x24, 0xFF, 0xEC,
	0x00, 0x28, 0xFF, 0xEC, 0x00, 0x30, 0xFF, 0xEC, 0x00, 0x32, 0xFF, 0xEC,
	0x00, 0x35, 0x00, 0x1A, 0x00, 0x41, 0x00, 0x14, 0x00, 0x42, 0xFF, 0xD8,
	0x00, 0x44, 0xFF, 0xD8, 0x00, 0x45, 0xFF, 0xD8, 0x00, 0x46, 0xFF, 0xD8,
	0x00, 0x48, 0xFF, 0xD8, 0x00, 0x4E, 0xFF, 0xE6, 0x00, 0x4F, 0xFF, 0xE6,
	0x00, 0x50, 0xFF, 0xD8, 0x00, 0x51, 0xFF, 0xE6, 0x00, 0x52, 0xFF, 0xD8,
	0x00, 0x53, 0xFF, 0xE6, 0x00, 0x56, 0xFF, 0xE6, 0x00, 0x57, 0xFF, 0xEC,
	0x00, 0x58, 0xFF, 0xEC, 0x00, 0x5A, 0xFF, 0xEC, 0x00, 0x69, 0x00, 0x14,
	0x00, 0x76, 0x00, 0x14, 0x00, 0x88, 0xFF, 0xD8, 0x00, 0x20, 0x00, 0x0D,
	0xFF, 0xAA, 0x00, 0x0E, 0xFF, 0xCB, 0x00, 0x0F, 0xFF, 0xAA, 0x00, 0x1B,
	0xFF, 0xDF, 0x00, 0x1C, 0xFF, 0xDF, 0x00, 0x22, 0xFF, 0xB7, 0x00, 0x24,
	0xFF, 0xEC, 0x00, 0x28, 0xFF, 0xEC, 0x00, 0x30, 0xFF, 0xEC, 0x00, 0x32,
	0xFF, 0xEC, 0x00, 0x35, 0x00, 0x1A, 0x00, 0x41, 0x00, 0x14, 0x00, 0x42,
	0xFF, 0xCB, 0x00, 0x44, 0xFF, 0xCB, 0x00, 0x45, 0xFF, 0xCB, 0x00, 0x46,
	0xFF, 0xCB, 0x00, 0x48, 0xFF, 0xCB, 0x00, 0x4A, 0xFF, 0xF3, 0x00, 0x4B,
	0xFF, 0xF3, 0x00, 0x4E, 0xFF, 0xDF, 0x00, 0x4F, 0xFF, 0xDF, 0x00, 0x50,
	0xFF, 0xCB, 0x00, 0x51, 0xFF, 0xDF, 0x00, 0x52, 0xFF, 0xCB, 0x00, 0x53,
	0xFF, 0xDF, 0x00, 0x56, 0xFF, 0xDF, 0x00, 0x57, 0xFF, 0xEC, 0x00, 0x58,
	0xFF, 0xEC, 0x00, 0x5A, 0xFF, 0xEC, 0x00, 0x69, 0x00, 0x14, 0x00, 0x76,
	0x00, 0x14, 0x00, 0x88, 0xFF, 0xCB, 0x00, 0x08, 0x00, 0x24, 0xFF, 0xDF,
	0x00, 0x28, 0xFF, 0xDF, 0x00, 0x30, 0xFF, 0xDF, 0x00, 0x32, 0xFF, 0xDF,
	0x00, 0x57, 0xFF, 0xEC, 0x00, 0x58, 0xFF, 0xEC, 0x00, 0x5A, 0xFF, 0xEC,
	0x00, 0x8C, 0xFF, 0xDF, 0x00, 0x21, 0x00, 0x0D, 0xFF, 0x9C, 0x00, 0x0E,
	0xFF, 0x9C, 0x00, 0x0F, 0xFF, 0x9C, 0x00, 0x1B, 0xFF, 0xC4, 0x00, 0x1C,
	0xFF, 0xC4, 0x00, 0x22, 0xFF, 0xAA, 0x00, 0x24, 0xFF, 0xDF, 0x00, 0x28,
	0xFF, 0xDF, 0x00, 0x30, 0xFF, 0xDF, 0x00, 0x32, 0xFF, 0xDF, 0x00, 0x34,
	0xFF, 0xE6, 0x00, 0x35, 0x00, 0x1A, 0x00, 0x41, 0x00, 0x14, 0x00, 0x42,
	0xFF, 0x9C, 0x00, 0x44, 0xFF, 0x9C, 0x00, 0x45, 0xFF, 0x9C, 0x00, 0x46,
	0xFF, 0x9C, 0x00, 0x48, 0xFF, 0x9C, 0x00, 0x4A, 0xFF, 0xF3, 0x00, 0x4B,
	0xFF, 0xF3, 0x00, 0x4E, 0xFF, 0xC4, 0x00, 0x4F, 0xFF, 0xC4, 0x00, 0x50,
	0xFF, 0x9C, 0x00, 0x51, 0xFF, 0xC4, 0x00, 0x52, 0xFF, 0x9C, 0x00, 0x53,
	0xFF, 0xC4, 0x00, 0x56, 0xFF, 0xC4, 0x00, 0x57, 0xFF, 0xCB, 0x00, 0x58,
	0xFF, 0xCB, 0x00, 0x5A, 0xFF, 0xCB, 0x00, 0x69, 0x00, 0x14, 0x00, 0x76,
	0x00, 0x14, 0x00, 0x88, 0xFF, 0x9C, 0x00, 0x03, 0x00, 0x57, 0xFF, 0xDF,
	0x00, 0x58, 0xFF, 0xDF, 0x00, 0x5A, 0xFF, 0xDF, 0x00, 0x16, 0x00, 0x0D,
	0xFF, 0x9C, 0x00, 0x0F, 0xFF, 0x9C, 0x00, 0x22, 0xFF, 0x9C, 0x00, 0x37,
	0x00, 0x14, 0x00, 0x38, 0x00, 0x14, 0x00, 0x3A, 0x00, 0x14, 0x00, 0x42,
	0xFF, 0x88, 0x00, 0x44, 0xFF, 0x88, 0x00, 0x45, 0xFF, 0x88, 0x00, 0x46,
	0xFF, 0x88, 0x00, 0x4E, 0xFF, 0xBE, 0x00, 0x4F, 0xFF, 0xBE, 0x00, 0x50,
	0xFF, 0x88, 0x00, 0x51, 0xFF, 0xBE, 0x00, 0x52, 0xFF, 0x88, 0x00, 0x53,
	0xFF, 0xBE, 0x00, 0x54, 0xFF, 0x9C, 0x00, 0x55, 0xFF, 0xDF, 0x00, 0x56,
	0xFF, 0xBE, 0x00, 0x57, 0xFF, 0xBE, 0x00, 0x58, 0xFF, 0xBE, 0x00, 0x5A,
	0xFF, 0xBE, 0x00, 0x03, 0x00, 0x41, 0xFF, 0xDF, 0x00, 0x69, 0xFF, 0xDF,
	0x00, 0x76, 0xFF, 0xDF, 0x00, 0x03, 0x00, 0x41, 0xFF, 0xB0, 0x00, 0x69,
	0xFF, 0xB0, 0x00, 0x76, 0xFF, 0xB0, 0x00, 0x03, 0x00, 0x41, 0xFF, 0xB0,
	0x00, 0x69, 0xFF, 0xB0, 0x00, 0x76, 0xFF, 0xB0, 0x00, 0x03, 0x00, 0x41,
	0x00, 0x1A, 0x00, 0x69, 0x00, 0x1A, 0x00, 0x76, 0x00, 0x1A, 0x00, 0x03,
	0x00, 0x41, 0xFF, 0xDF, 0x00, 0x69, 0xFF, 0xDF, 0x00, 0x76, 0xFF, 0xDF,
	0x00, 0x03, 0x00, 0x41, 0xFF, 0xDF, 0x00, 0x69, 0xFF, 0xDF, 0x00, 0x76,
	0xFF, 0xDF, 0x00, 0x03, 0x00, 0x41, 0xFF, 0xDF, 0x00, 0x69, 0xFF, 0xDF,
	0x00, 0x76, 0xFF, 0xDF, 0x00, 0x03, 0x00, 0x41, 0xFF, 0xB0, 0x00, 0x69,
	0xFF, 0xB0, 0x00, 0x76, 0xFF, 0xB0, 0x00, 0x03, 0x00, 0x41, 0xFF, 0xB0,
	0x00, 0x69, 0xFF, 0xB0, 0x00, 0x76, 0xFF, 0xB0, 0x00, 0x0B, 0x00, 0x0D,
	0xFF, 0xDF, 0x00, 0x0F, 0xFF, 0xDF, 0x00, 0x1B, 0x00, 0x14, 0x00, 0x1C,
	0x00, 0x14, 0x00, 0x41, 0xFF, 0xEC, 0x00, 0x57, 0x00, 0x1A, 0x00, 0x58,
	0x00, 0x1A, 0x00, 0x59, 0x00, 0x0D, 0x00, 0x5A, 0x00, 0x1A, 0x00, 0x69,
	0xFF, 0xEC, 0x00, 0x76, 0xFF, 0xEC, 0x00, 0x03, 0x00, 0x41, 0xFF, 0xCB,
	0x00, 0x69, 0xFF, 0xCB, 0x00, 0x76, 0xFF, 0xCB, 0x00, 0x03, 0x00, 0x41,
	0xFF, 0xDF, 0x00, 0x69, 0xFF, 0xDF, 0x00, 0x76, 0xFF, 0xDF, 0x00, 0x03,
	0x00, 0x0F, 0xFF, 0xBE, 0x00, 0x1B, 0x00, 0x14, 0x00, 0x1C, 0x00, 0x14,
	0x00, 0x04, 0x00, 0x0D, 0xFF, 0xBE, 0x00, 0x0F, 0xFF, 0xBE, 0x00, 0x1B,
	0x00, 0x14, 0x00, 0x1C, 0x00, 0x14, 0x00, 0x04, 0x00, 0x0D, 0xFF, 0xBE,
	0x00, 0x0F, 0xFF, 0xBE, 0x00, 0x1B, 0x00, 0x14, 0x00, 0x1C, 0x00, 0x14,
	0x00, 0x16, 0x00, 0x0D, 0xFF, 0x9C, 0x00, 0x0F, 0xFF, 0x9C, 0x00, 0x22,
	0xFF, 0x9C, 0x00, 0x37, 0x00, 0x14, 0x00, 0x38, 0x00, 0x14, 0x00, 0x3A,
	0x00, 0x14, 0x00, 0x42, 0xFF, 0x88, 0x00, 0x44, 0xFF, 0x88, 0x00, 0x45,
	0xFF, 0x88, 0x00, 0x46, 0xFF, 0x88, 0x00, 0x4E, 0xFF, 0xBE, 0x00, 0x4F,
	0xFF, 0xBE, 0x00, 0x50, 0xFF, 0x88, 0x00, 0x51, 0xFF, 0xBE, 0x00, 0x52,
	0xFF, 0x88, 0x00, 0x53, 0xFF, 0xBE, 0x00, 0x54, 0xFF, 0x9C, 0x00, 0x55,
	0xFF, 0xDF, 0x00, 0x56, 0xFF, 0xBE, 0x00, 0x57, 0xFF, 0xBE, 0x00, 0x58,
	0xFF, 0xBE, 0x00, 0x5A, 0xFF, 0xBE, 0x00, 0x16, 0x00, 0x0D, 0xFF, 0x9C,
	0x00, 0x0F, 0xFF, 0x9C, 0x00, 0x22, 0xFF, 0x9C, 0x00, 0x37, 0x00, 0x14,
	0x00, 0x38, 0x00, 0x14, 0x00, 0x3A, 0x00, 0x14, 0x00, 0x42, 0xFF, 0x88,
	0x00, 0x44, 0xFF, 0x88, 0x00, 0x45, 0xFF, 0x88, 0x00, 0x46, 0xFF, 0x88,
	0x00, 0x4E, 0xFF, 0xBE, 0x00, 0x4F, 0xFF, 0xBE, 0x00, 0x50, 0xFF, 0x88,
	0x00, 0x51, 0xFF, 0xBE, 0x00, 0x52, 0xFF, 0x88, 0x00, 0x53, 0xFF, 0xBE,
	0x00, 0x54, 0xFF, 0x9C, 0x00, 0x55, 0xFF, 0xDF, 0x00, 0x56, 0xFF, 0xBE,
	0x00, 0x57, 0xFF, 0xBE, 0x00, 0x58, 0xFF, 0xBE, 0x00, 0x5A, 0xFF, 0xBE,
	0x00, 0x04, 0x00, 0x35, 0xFF, 0xCB, 0x00, 0x37, 0xFF, 0xD8, 0x00, 0x38,
	0xFF, 0xCB, 0x00, 0x3A, 0xFF, 0x9C, 0x00, 0x00
};